FileName,Molecule,MinStartTime,MaxEndTime
C30_QC_00.d,AC(10:0),1.2600,1.6100
C30_QC_01.d,AC(10:0),1.2300,1.6100
C30_QC_02.d,AC(10:0),1.2200,1.5400
C30_QC_00.d,AC(12:0),1.6200,1.9700
C30_QC_01.d,AC(12:0),1.5900,2.0000
C30_QC_02.d,AC(12:0),1.5600,1.9000
C30_QC_00.d,AC(12:1),1.4000,1.8000
C30_QC_01.d,AC(12:1),1.3700,1.8100
C30_QC_02.d,AC(12:1),1.3700,1.7200
C30_QC_00.d,AC(13:0),1.8200,2.2000
C30_QC_01.d,AC(13:0),1.7900,2.2000
C30_QC_02.d,AC(13:0),1.7600,2.1100
C30_QC_00.d,AC(14:0),2.3300,2.7500
C30_QC_01.d,AC(14:0),2.2000,2.6600
C30_QC_02.d,AC(14:0),2.2800,2.7000
C30_QC_00.d,AC(14:0)-OH,1.6800,1.9900
C30_QC_01.d,AC(14:0)-OH,1.6700,1.9200
C30_QC_02.d,AC(14:0)-OH,1.5800,2.0700
C30_QC_00.d,AC(14:1),1.8400,2.3300
C30_QC_01.d,AC(14:1),1.7900,2.2800
C30_QC_02.d,AC(14:1),1.8100,2.2400
C30_QC_00.d,AC(14:1)-OH,1.4600,1.7300
C30_QC_01.d,AC(14:1)-OH,1.1900,1.8100
C30_QC_02.d,AC(14:1)-OH,1.4800,1.6800
C30_QC_00.d,AC(14:2),1.5500,1.9700
C30_QC_01.d,AC(14:2),1.5300,1.8900
C30_QC_02.d,AC(14:2),1.5000,1.8900
C30_QC_00.d,AC(15:0),1.4600,1.7300
C30_QC_01.d,AC(15:0),1.1900,1.8100
C30_QC_02.d,AC(15:0),1.4800,1.6800
C30_QC_00.d,AC(16:0),3.7800,4.4300
C30_QC_01.d,AC(16:0),3.6400,4.2400
C30_QC_02.d,AC(16:0),3.6300,4.2800
C30_QC_00.d,AC(16:0)-OH,2.4400,2.8100
C30_QC_01.d,AC(16:0)-OH,2.3800,2.8600
C30_QC_02.d,AC(16:0)-OH,2.3200,2.6400
C30_QC_00.d,AC(16:1),2.5600,3.2000
C30_QC_01.d,AC(16:1),2.5200,3.0700
C30_QC_02.d,AC(16:1),2.4800,3.0200
C30_QC_00.d,AC(16:1)-OH,1.8700,2.2300
C30_QC_01.d,AC(16:1)-OH,1.9300,2.1300
C30_QC_02.d,AC(16:1)-OH,1.9500,2.2300
C30_QC_00.d,AC(17:0),1.9000,2.2900
C30_QC_01.d,AC(17:0),1.9000,2.1700
C30_QC_02.d,AC(17:0),1.8100,2.2800
C30_QC_00.d,AC(18:0),5.9200,6.7300
C30_QC_01.d,AC(18:0),5.7400,6.3900
C30_QC_02.d,AC(18:0),5.7200,6.2700
C30_QC_00.d,AC(18:0)-OH,4.0100,4.6100
C30_QC_01.d,AC(18:0)-OH,3.7900,4.3600
C30_QC_02.d,AC(18:0)-OH,3.7700,4.3900
C30_QC_00.d,AC(18:1),4.0900,4.9200
C30_QC_01.d,AC(18:1),3.9400,4.7700
C30_QC_02.d,AC(18:1),3.9300,4.7100
C30_QC_00.d,AC(18:1)-OH,2.7400,3.1900
C30_QC_01.d,AC(18:1)-OH,2.6600,3.1300
C30_QC_02.d,AC(18:1)-OH,2.6200,3.0900
C30_QC_00.d,AC(18:2),2.9100,3.5700
C30_QC_01.d,AC(18:2),2.8200,3.3800
C30_QC_02.d,AC(18:2),2.8100,3.3900
C30_QC_00.d,AC(18:3),2.2200,2.9500
C30_QC_01.d,AC(18:3),2.1900,2.8100
C30_QC_02.d,AC(18:3),2.2400,2.5800
C30_QC_00.d,AC(20:3),3.4100,3.9300
C30_QC_01.d,AC(20:3),3.2700,3.6700
C30_QC_02.d,AC(20:3),3.2300,3.7000
C30_QC_00.d,AC(20:3)-OH,2.4200,2.8000
C30_QC_01.d,AC(20:3)-OH,2.3800,2.8000
C30_QC_02.d,AC(20:3)-OH,2.2900,2.7800
C30_QC_00.d,AC(20:4),2.8200,3.2000
C30_QC_01.d,AC(20:4),2.6800,3.1000
C30_QC_02.d,AC(20:4),2.7300,3.1700
C30_QC_00.d,AC(20:5),2.2100,2.5600
C30_QC_01.d,AC(20:5),2.1400,2.4900
C30_QC_02.d,AC(20:5),2.1300,2.4400
C30_QC_00.d,AC(22:5),3.0200,3.3500
C30_QC_01.d,AC(22:5),2.9700,3.2800
C30_QC_02.d,AC(22:5),3.2800,3.8100
C30_QC_00.d,AC(22:5)-OH,2.2500,2.5600
C30_QC_01.d,AC(22:5)-OH,2.2000,2.5000
C30_QC_02.d,AC(22:5)-OH,2.1100,2.5200
C30_QC_00.d,AC(22:6),2.5900,3.1700
C30_QC_01.d,AC(22:6),2.6800,2.9300
C30_QC_02.d,AC(22:6),2.5500,2.8200
C30_QC_00.d,AC(24:0),10.6600,11.4300
C30_QC_01.d,AC(24:0),10.5500,11.3900
C30_QC_02.d,AC(24:0),10.5400,11.3000
C30_QC_00.d,AC(24:1),9.3200,10.0000
C30_QC_01.d,AC(24:1),9.2400,9.9400
C30_QC_02.d,AC(24:1),9.2300,9.6900
C30_QC_00.d,AC(26:0),11.6200,12.3100
C30_QC_01.d,AC(26:0),11.5500,12.2700
C30_QC_02.d,AC(26:0),11.5400,12.2600
C30_QC_00.d,AC(26:1),10.5000,11.3000
C30_QC_01.d,AC(26:1),10.4100,11.1200
C30_QC_02.d,AC(26:1),10.4000,11.1600
C30_QC_00.d,CA,1.7200,1.8600
C30_QC_01.d,CA,0.8200,1.1500
C30_QC_02.d,CA,1.8600,2.0100
C30_QC_00.d,dxCA,2.4800,2.6400
C30_QC_01.d,dxCA,1.2800,1.9200
C30_QC_02.d,dxCA,2.2600,2.4100
C30_QC_00.d,GM3(d18:1/16:0),10.0700,10.2500
C30_QC_01.d,GM3(d18:1/16:0),10.0000,10.1800
C30_QC_02.d,GM3(d18:1/16:0),9.9900,10.1600
C30_QC_00.d,GM3(d18:1/18:0),10.7500,10.9300
C30_QC_01.d,GM3(d18:1/18:0),10.6900,10.8700
C30_QC_02.d,GM3(d18:1/18:0),10.6900,10.8600
C30_QC_00.d,GM3(d18:1/20:0),11.3300,11.5100
C30_QC_01.d,GM3(d18:1/20:0),10.3600,10.5900
C30_QC_02.d,GM3(d18:1/20:0),10.3600,10.5500
C30_QC_00.d,GM3(d18:1/22:0),11.8400,12.0200
C30_QC_01.d,GM3(d18:1/22:0),11.7900,11.9800
C30_QC_02.d,GM3(d18:1/22:0),11.7900,11.9800
C30_QC_00.d,GM3(d18:1/24:0),12.2900,12.4900
C30_QC_01.d,GM3(d18:1/24:0),12.2400,12.4600
C30_QC_02.d,GM3(d18:1/24:0),12.2400,12.4200
C30_QC_00.d,GM3(d18:1/24:1),11.7700,11.9600
C30_QC_01.d,GM3(d18:1/24:1),11.7200,11.9000
C30_QC_02.d,GM3(d18:1/24:1),11.7200,11.9200
C30_QC_00.d,LPC 14:0,2.2400,3.2000
C30_QC_01.d,LPC 14:0,2.2000,3.0900
C30_QC_02.d,LPC 14:0,2.1900,3.0800
C30_QC_00.d,LPC 15:0,2.7700,3.8200
C30_QC_01.d,LPC 15:0,2.6900,3.6200
C30_QC_02.d,LPC 15:0,2.6400,3.7200
C30_QC_00.d,LPC 16:0,3.5800,4.7700
C30_QC_01.d,LPC 16:0,3.7200,4.5900
C30_QC_02.d,LPC 16:0,3.4700,4.5900
C30_QC_00.d,LPC 16:1,2.4600,3.5000
C30_QC_01.d,LPC 16:1,2.4100,3.3100
C30_QC_02.d,LPC 16:1,2.4000,3.4000
C30_QC_00.d,LPC 17:0,4.6500,5.6000
C30_QC_01.d,LPC 17:0,4.4700,5.4300
C30_QC_02.d,LPC 17:0,4.4900,5.4000
C30_QC_00.d,LPC 17:1,3.1400,4.2000
C30_QC_01.d,LPC 17:1,3.2000,4.1100
C30_QC_02.d,LPC 17:1,3.1000,4.1100
C30_QC_00.d,LPC 18:0,6.1200,6.9000
C30_QC_01.d,LPC 18:0,5.9400,6.7400
C30_QC_02.d,LPC 18:0,5.9300,6.7000
C30_QC_00.d,LPC 18:1,3.9200,5.1300
C30_QC_01.d,LPC 18:1,4.0300,4.8200
C30_QC_02.d,LPC 18:1,4.0400,4.7500
C30_QC_00.d,LPC 18:2,2.7600,3.7900
C30_QC_01.d,LPC 18:2,2.6900,3.6700
C30_QC_02.d,LPC 18:2,2.6800,3.7000
C30_QC_00.d,LPC 18:3,2.1600,3.1100
C30_QC_01.d,LPC 18:3,2.1900,2.9800
C30_QC_02.d,LPC 18:3,2.1400,2.9300
C30_QC_00.d,LPC 19:0,6.9200,7.9600
C30_QC_01.d,LPC 19:0,7.0800,7.7100
C30_QC_02.d,LPC 19:0,7.0600,7.6300
C30_QC_00.d,LPC 19:1,5.2600,6.2500
C30_QC_01.d,LPC 19:1,5.0900,5.9900
C30_QC_02.d,LPC 19:1,5.1300,5.8100
C30_QC_00.d,LPC 20:0,7.8800,9.0000
C30_QC_01.d,LPC 20:0,8.0800,8.7300
C30_QC_02.d,LPC 20:0,8.0000,8.8400
C30_QC_00.d,LPC 20:1,6.3000,7.1000
C30_QC_01.d,LPC 20:1,6.1200,6.8800
C30_QC_02.d,LPC 20:1,6.0700,6.9200
C30_QC_00.d,LPC 20:2,4.6600,5.4800
C30_QC_01.d,LPC 20:2,4.4900,5.2300
C30_QC_02.d,LPC 20:2,4.1900,5.2700
C30_QC_00.d,LPC 20:3,3.2600,4.1400
C30_QC_01.d,LPC 20:3,3.1900,4.0400
C30_QC_02.d,LPC 20:3,3.1700,4.0300
C30_QC_00.d,LPC 20:4,2.6700,3.6400
C30_QC_01.d,LPC 20:4,2.6000,3.5100
C30_QC_02.d,LPC 20:4,2.6000,3.4900
C30_QC_00.d,LPC 20:5,2.0800,2.9000
C30_QC_01.d,LPC 20:5,2.0500,2.7500
C30_QC_02.d,LPC 20:5,2.0600,2.6900
C30_QC_00.d,LPC 22:0,3.8300,4.7000
C30_QC_01.d,LPC 22:0,3.7100,4.5600
C30_QC_02.d,LPC 22:0,3.8000,4.5700
C30_QC_00.d,LPC 22:1,8.2100,8.8500
C30_QC_01.d,LPC 22:1,8.0400,8.8500
C30_QC_02.d,LPC 22:1,8.0000,8.7600
C30_QC_00.d,LPC 22:4,2.8900,3.6900
C30_QC_01.d,LPC 22:4,2.8000,3.5100
C30_QC_02.d,LPC 22:4,2.7800,3.4700
C30_QC_00.d,LPC 22:5,2.7700,3.8800
C30_QC_01.d,LPC 22:5,2.6600,3.7300
C30_QC_02.d,LPC 22:5,2.6600,3.7900
C30_QC_00.d,LPC 22:6,2.5100,3.4600
C30_QC_01.d,LPC 22:6,2.4400,3.3200
C30_QC_02.d,LPC 22:6,2.4400,3.3200
C30_QC_00.d,LPC 24:0,10.7500,11.5500
C30_QC_01.d,LPC 24:0,10.7800,11.6000
C30_QC_02.d,LPC 24:0,10.8200,11.4300
C30_QC_00.d,LPC 26:0,11.5200,12.3600
C30_QC_01.d,LPC 26:0,11.4500,12.4000
C30_QC_02.d,LPC 26:0,11.4300,12.4700
C30_QC_00.d,LPC O-16:0,4.9700,5.7900
C30_QC_01.d,LPC O-16:0,4.8000,5.6100
C30_QC_02.d,LPC O-16:0,4.8000,5.6100
C30_QC_00.d,LPC O-18:0,4.6800,5.7600
C30_QC_01.d,LPC O-18:0,4.5500,5.5200
C30_QC_02.d,LPC O-18:0,4.4900,5.4500
C30_QC_00.d,LPC O-18:2,3.7600,4.6100
C30_QC_01.d,LPC O-18:2,4.8900,5.7200
C30_QC_02.d,LPC O-18:2,4.8800,5.6300
C30_QC_00.d,LPC O-20:0,7.1600,8.1000
C30_QC_01.d,LPC O-20:0,6.8900,7.7700
C30_QC_02.d,LPC O-20:0,7.0600,7.7600
C30_QC_00.d,LPC O-20:1,5.2800,6.0500
C30_QC_01.d,LPC O-20:1,5.2600,6.0000
C30_QC_02.d,LPC O-20:1,5.0000,6.0000
C30_QC_00.d,LPC O-20:4,7.4200,7.5900
C30_QC_01.d,LPC O-20:4,7.0700,7.2500
C30_QC_02.d,LPC O-20:4,7.2600,7.4300
C30_QC_00.d,LPC O-22:0,2.8500,3.6100
C30_QC_01.d,LPC O-22:0,2.7700,3.3100
C30_QC_02.d,LPC O-22:0,2.7700,3.2800
C30_QC_00.d,LPC O-22:1,9.1400,10.0400
C30_QC_01.d,LPC O-22:1,8.9700,9.8100
C30_QC_02.d,LPC O-22:1,8.9900,9.8800
C30_QC_00.d,LPC O-22:6,8.3300,8.6200
C30_QC_01.d,LPC O-22:6,8.2300,8.5300
C30_QC_02.d,LPC O-22:6,7.9900,8.2700
C30_QC_00.d,LPC O-24:0,11.5200,12.4700
C30_QC_01.d,LPC O-24:0,11.4700,12.3600
C30_QC_02.d,LPC O-24:0,11.4600,12.2500
C30_QC_00.d,LPC O-24:1,10.5500,11.4500
C30_QC_01.d,LPC O-24:1,10.4200,11.4700
C30_QC_02.d,LPC O-24:1,10.4200,11.2300
C30_QC_00.d,LPC O-24:2,9.4400,10.3700
C30_QC_01.d,LPC O-24:2,9.2300,10.2200
C30_QC_02.d,LPC O-24:2,9.1800,10.2400
C30_QC_00.d,LPC P-16:0,4.7400,5.7500
C30_QC_01.d,LPC P-16:0,4.5700,5.6200
C30_QC_02.d,LPC P-16:0,4.5700,5.5500
C30_QC_00.d,LPC P-17:0,2.6100,3.4700
C30_QC_01.d,LPC P-17:0,2.5400,3.3800
C30_QC_02.d,LPC P-17:0,2.5400,3.3300
C30_QC_00.d,LPC P-18:0,5.2600,6.2900
C30_QC_01.d,LPC P-18:0,5.1000,6.0400
C30_QC_02.d,LPC P-18:0,5.0800,5.9900
C30_QC_00.d,LPC P-18:1,3.8500,4.5600
C30_QC_01.d,LPC P-18:1,4.9000,5.5600
C30_QC_02.d,LPC P-18:1,4.8500,5.6000
C30_QC_00.d,LPE P-16:0,4.6100,4.9000
C30_QC_01.d,LPE P-16:0,4.4800,4.7500
C30_QC_02.d,LPE P-16:0,4.4600,4.7200
C30_QC_00.d,LPE P-18:0,6.8400,7.1300
C30_QC_01.d,LPE P-18:0,6.6700,7.0700
C30_QC_02.d,LPE P-18:0,6.7000,6.9500
C30_QC_00.d,LPE P-18:1,4.8900,5.2000
C30_QC_01.d,LPE P-18:1,4.7000,5.1100
C30_QC_02.d,LPE P-18:1,4.7400,4.9800
C30_QC_00.d,LPE P-20:0,8.6400,8.9700
C30_QC_01.d,LPE P-20:0,8.5300,8.7100
C30_QC_02.d,LPE P-20:0,8.5800,8.7400
C30_QC_00.d,MAG 14:0,6.3200,6.4800
C30_QC_01.d,MAG 14:0,5.5700,5.6600
C30_QC_02.d,MAG 14:0,6.9700,7.1300
C30_QC_00.d,MAG 15:0,4.0900,4.4300
C30_QC_01.d,MAG 15:0,4.2700,4.3500
C30_QC_02.d,MAG 15:0,5.9100,6.0400
C30_QC_00.d,MAG 16:0,1.8900,2.0400
C30_QC_01.d,MAG 16:0,1.8800,2.0300
C30_QC_02.d,MAG 16:0,1.4100,1.5800
C30_QC_00.d,MAG 16:1,12.0800,12.3000
C30_QC_01.d,MAG 16:1,13.0100,13.2000
C30_QC_02.d,MAG 16:1,12.7600,13.0000
C30_QC_00.d,MAG 17:0,10.7200,10.8800
C30_QC_01.d,MAG 17:0,9.9000,10.0600
C30_QC_02.d,MAG 17:0,9.7500,9.9100
C30_QC_00.d,MAG 18:0,7.2200,7.3800
C30_QC_01.d,MAG 18:0,5.3300,6.0700
C30_QC_02.d,MAG 18:0,5.1200,5.9800
C30_QC_00.d,MAG 18:2,6.6800,6.8900
C30_QC_01.d,MAG 18:2,8.2000,8.3600
C30_QC_02.d,MAG 18:2,7.7400,7.8900
C30_QC_00.d,MAG 18:3,7.8400,8.0000
C30_QC_01.d,MAG 18:3,9.2700,9.4500
C30_QC_02.d,MAG 18:3,9.1100,9.2500
C30_QC_00.d,MAG 19:0,0.8200,0.9500
C30_QC_01.d,MAG 19:0,0.8200,0.9000
C30_QC_02.d,MAG 19:0,0.8500,1.4900
C30_QC_00.d,MAG 20:0,2.9800,3.1500
C30_QC_01.d,MAG 20:0,4.1000,4.4100
C30_QC_02.d,MAG 20:0,4.0600,4.3700
C30_QC_00.d,MAG 20:1,4.2800,4.4500
C30_QC_01.d,MAG 20:1,5.2600,5.8100
C30_QC_02.d,MAG 20:1,5.0000,5.1600
C30_QC_00.d,MAG 20:2,7.5100,7.6700
C30_QC_01.d,MAG 20:2,6.6200,7.0600
C30_QC_02.d,MAG 20:2,7.0000,7.1800
C30_QC_00.d,MAG 20:3,2.5800,3.1800
C30_QC_01.d,MAG 20:3,2.4900,2.9200
C30_QC_02.d,MAG 20:3,2.5200,2.8100
C30_QC_00.d,MAG 20:4,3.2500,3.4800
C30_QC_01.d,MAG 20:4,2.9500,3.1100
C30_QC_02.d,MAG 20:4,3.1200,3.2800
C30_QC_00.d,MAG 20:5,8.8400,8.9900
C30_QC_01.d,MAG 20:5,7.6300,7.7800
C30_QC_02.d,MAG 20:5,8.4700,8.6300
C30_QC_00.d,MAG 22:4,2.8900,3.5500
C30_QC_01.d,MAG 22:4,2.8400,3.3000
C30_QC_02.d,MAG 22:4,2.8200,3.3500
C30_QC_00.d,MAG 22:5,4.2600,4.5400
C30_QC_01.d,MAG 22:5,4.1000,4.4200
C30_QC_02.d,MAG 22:5,4.1200,4.3800
C30_QC_00.d,MAG 22:6,4.2500,4.5400
C30_QC_01.d,MAG 22:6,4.1400,4.3600
C30_QC_02.d,MAG 22:6,4.1500,4.4100
C30_QC_00.d,PC O-16:0_16:0,12.7400,13.1900
C30_QC_01.d,PC O-16:0_16:0,12.6800,13.1900
C30_QC_02.d,PC O-16:0_16:0,12.6600,13.1900
C30_QC_00.d,PC O-16:0_20:4,11.0100,11.7500
C30_QC_01.d,PC O-16:0_20:4,10.9400,11.6800
C30_QC_02.d,PC O-16:0_20:4,10.9300,11.6700
C30_QC_00.d,PC O-16:0_22:6,11.8000,12.4700
C30_QC_01.d,PC O-16:0_22:6,11.7400,12.4000
C30_QC_02.d,PC O-16:0_22:6,11.7000,12.4300
C30_QC_00.d,PC O-18:0_18:1,12.3600,13.1900
C30_QC_01.d,PC O-18:0_18:1,12.3100,13.1900
C30_QC_02.d,PC O-18:0_18:1,12.2900,13.1900
C30_QC_00.d,PC O-18:0_20:4,11.6000,12.5900
C30_QC_01.d,PC O-18:0_20:4,11.5600,12.5100
C30_QC_02.d,PC O-18:0_20:4,11.5500,12.5000
C30_QC_00.d,PC O-18:0_22:6,11.3800,12.3400
C30_QC_01.d,PC O-18:0_22:6,12.0000,12.4500
C30_QC_02.d,PC O-18:0_22:6,11.3100,12.2700
C30_QC_00.d,PC O-32:2,10.9700,11.6600
C30_QC_01.d,PC O-32:2,10.8900,11.6300
C30_QC_02.d,PC O-32:2,10.8800,11.6100
C30_QC_00.d,PC O-34:1,11.7200,12.5800
C30_QC_01.d,PC O-34:1,11.6500,12.5300
C30_QC_02.d,PC O-34:1,11.6300,12.5100
C30_QC_00.d,PC O-34:2,11.1400,11.9900
C30_QC_01.d,PC O-34:2,11.9900,12.8600
C30_QC_02.d,PC O-34:2,11.9700,12.8900
C30_QC_00.d,PC O-34:4,11.0300,12.1500
C30_QC_01.d,PC O-34:4,10.9600,12.0300
C30_QC_02.d,PC O-34:4,10.9700,12.0600
C30_QC_00.d,PC O-35:4,10.7100,11.5000
C30_QC_01.d,PC O-35:4,10.6100,11.3400
C30_QC_02.d,PC O-35:4,10.6000,11.3800
C30_QC_00.d,PC O-36:0,11.0200,11.6700
C30_QC_01.d,PC O-36:0,10.9600,11.5700
C30_QC_02.d,PC O-36:0,10.9600,11.5800
C30_QC_00.d,PC O-36:2,11.7900,12.7100
C30_QC_01.d,PC O-36:2,11.7300,12.6700
C30_QC_02.d,PC O-36:2,11.7100,12.6800
C30_QC_00.d,PC O-36:3,12.0300,12.8700
C30_QC_01.d,PC O-36:3,11.9600,12.7600
C30_QC_02.d,PC O-36:3,11.9500,12.8700
C30_QC_00.d,PC O-36:5,11.7800,12.5400
C30_QC_01.d,PC O-36:5,11.7300,12.4000
C30_QC_02.d,PC O-36:5,11.6900,12.5000
C30_QC_00.d,PC O-38:5,11.9700,12.7700
C30_QC_01.d,PC O-38:5,11.8900,12.7200
C30_QC_02.d,PC O-38:5,11.8900,12.7000
C30_QC_00.d,PC O-40:5,11.6800,12.4900
C30_QC_01.d,PC O-40:5,11.5900,12.6100
C30_QC_02.d,PC O-40:5,12.5400,13.2000
C30_QC_00.d,PC O-40:7,11.7800,12.7000
C30_QC_01.d,PC O-40:7,11.6800,12.6100
C30_QC_02.d,PC O-40:7,11.6700,12.6300
C30_QC_00.d,PC P-15:0_20:4,10.9800,11.9300
C30_QC_01.d,PC P-15:0_20:4,10.9300,11.7900
C30_QC_02.d,PC P-15:0_20:4,10.9200,11.9000
C30_QC_00.d,PC P-16:0_16:1,10.9700,11.6600
C30_QC_01.d,PC P-16:0_16:1,10.8900,11.6300
C30_QC_02.d,PC P-16:0_16:1,10.8800,11.6100
C30_QC_00.d,PC P-16:0_18:0,11.7200,12.5800
C30_QC_01.d,PC P-16:0_18:0,11.6500,12.5300
C30_QC_02.d,PC P-16:0_18:0,11.6300,12.5100
C30_QC_00.d,PC P-16:0_18:1,12.0500,12.9600
C30_QC_01.d,PC P-16:0_18:1,11.9900,12.8600
C30_QC_02.d,PC P-16:0_18:1,11.9700,12.8900
C30_QC_00.d,PC P-16:0_18:2,11.9900,12.7600
C30_QC_01.d,PC P-16:0_18:2,11.9200,12.6900
C30_QC_02.d,PC P-16:0_18:2,11.9100,12.6900
C30_QC_00.d,PC P-16:0_18:3,11.0300,12.1500
C30_QC_01.d,PC P-16:0_18:3,10.9600,12.0300
C30_QC_02.d,PC P-16:0_18:3,10.9700,12.0600
C30_QC_00.d,PC P-16:0_20:4,11.7800,12.5400
C30_QC_01.d,PC P-16:0_20:4,11.7300,12.4000
C30_QC_02.d,PC P-16:0_20:4,11.6900,12.5000
C30_QC_00.d,PC P-16:0_20:5,11.0600,12.0800
C30_QC_01.d,PC P-16:0_20:5,10.9600,12.0200
C30_QC_02.d,PC P-16:0_20:5,10.9700,11.9900
C30_QC_00.d,PC P-16:0_22:6,11.3700,12.3900
C30_QC_01.d,PC P-16:0_22:6,12.8400,13.1900
C30_QC_02.d,PC P-16:0_22:6,12.8300,13.1900
C30_QC_00.d,PC P-18:0_20:4,11.9700,12.7700
C30_QC_01.d,PC P-18:0_20:4,11.8900,12.7200
C30_QC_02.d,PC P-18:0_20:4,11.8900,12.7000
C30_QC_00.d,PC P-18:0_22:5,11.3800,12.3400
C30_QC_01.d,PC P-18:0_22:5,12.0000,12.4500
C30_QC_02.d,PC P-18:0_22:5,11.3100,12.2700
C30_QC_00.d,PC P-18:0_22:6,11.7800,12.7000
C30_QC_01.d,PC P-18:0_22:6,11.6800,12.6100
C30_QC_02.d,PC P-18:0_22:6,11.6700,12.6300
C30_QC_00.d,PC P-20:0_20:4,12.6400,13.2000
C30_QC_01.d,PC P-20:0_20:4,12.5600,13.2000
C30_QC_02.d,PC P-20:0_20:4,12.5400,13.2000
C30_QC_00.d,PC P-35:2,10.9700,11.6500
C30_QC_01.d,PC P-35:2,10.8900,11.6300
C30_QC_02.d,PC P-35:2,10.8800,11.6100
C30_QC_00.d,PC P-36:2,12.0300,12.8700
C30_QC_01.d,PC P-36:2,11.9600,12.7600
C30_QC_02.d,PC P-36:2,11.9500,12.8700
C30_QC_00.d,PC P-36:3,11.9400,12.7800
C30_QC_01.d,PC P-36:3,11.8600,12.7500
C30_QC_02.d,PC P-36:3,11.8600,12.7100
C30_QC_00.d,PC P-37:4,10.9800,11.4800
C30_QC_01.d,PC P-37:4,10.9000,11.4200
C30_QC_02.d,PC P-37:4,10.9000,11.4100
C30_QC_00.d,PC P-38:5,11.8000,12.4700
C30_QC_01.d,PC P-38:5,11.7400,12.4000
C30_QC_02.d,PC P-38:5,11.7000,12.4300
C30_QC_00.d,S1P(d16:1),9.6000,9.8700
C30_QC_01.d,S1P(d16:1),8.9200,9.1300
C30_QC_02.d,S1P(d16:1),9.8100,9.9700
C30_QC_00.d,S1P(d18:0),2.2900,2.7300
C30_QC_02.d,S1P(d18:0),1.0900,1.8000
C30_QC_00.d,S1P(d18:1),4.1600,4.3800
C30_QC_01.d,S1P(d18:1),4.4500,4.6500
C30_QC_02.d,S1P(d18:1),3.5000,3.6300
C30_QC_00.d,S1P(d18:2),4.7100,4.8600
C30_QC_01.d,S1P(d18:2),5.1500,5.3100
C30_QC_02.d,S1P(d18:2),4.9000,5.0600
C30_QC_00.d,Sph(d18:1),2.5400,2.9500
C30_QC_01.d,Sph(d18:1),1.6500,1.8100
C30_QC_02.d,Sph(d18:1),3.1500,3.4900
C30_QC_00.d,Sph(d18:2),2.0800,2.3300
C30_QC_01.d,Sph(d18:2),3.2200,3.5000
C30_QC_02.d,Sph(d18:2),2.2300,2.3800
C30_QC_00.d,SHexCer(d18:1/16:0(OH)),9.9600,10.1200
C30_QC_01.d,SHexCer(d18:1/16:0(OH)),9.8800,10.0800
C30_QC_02.d,SHexCer(d18:1/16:0(OH)),9.8800,10.0500
C30_QC_00.d,SHexCer(d18:1/16:0),10.1200,10.2900
C30_QC_01.d,SHexCer(d18:1/16:0),10.0500,10.2200
C30_QC_02.d,SHexCer(d18:1/16:0),10.0700,10.2300
C30_QC_00.d,SHexCer(d18:1/24:0(OH)),12.2000,12.3700
C30_QC_01.d,SHexCer(d18:1/24:0(OH)),11.5200,11.6700
C30_QC_02.d,SHexCer(d18:1/24:0(OH)),11.9400,12.1000
C30_QC_00.d,SHexCer(d18:1/24:1(OH)),11.6800,11.8700
C30_QC_01.d,SHexCer(d18:1/24:1(OH)),10.6800,10.8700
C30_QC_02.d,SHexCer(d18:1/24:1(OH)),11.6300,11.7900
C30_QC_00.d,PC P-18:1_22:6,14.0900,15.8900
C30_QC_01.d,PC P-18:1_22:6,14.0600,15.8000
C30_QC_02.d,PC P-18:1_22:6,14.0600,15.8000
C30_QC_00.d,PIP1(38:4),16.1400,16.5000
C30_QC_01.d,PIP1(38:4),16.2300,16.5600
C30_QC_02.d,PIP1(38:4),15.4700,15.8300
C30_QC_00.d,TAG(40:0_FA14:0),13.5400,13.9400
C30_QC_01.d,TAG(40:0_FA14:0),13.4800,13.8800
C30_QC_02.d,TAG(40:0_FA14:0),13.4500,13.8800
C30_QC_00.d,TAG(40:0_FA16:0),13.5700,13.9700
C30_QC_01.d,TAG(40:0_FA16:0),13.5100,13.9100
C30_QC_02.d,TAG(40:0_FA16:0),13.5400,13.9100
C30_QC_00.d,TAG(42:0_FA14:0),13.8800,14.2400
C30_QC_01.d,TAG(42:0_FA14:0),13.8500,14.2100
C30_QC_02.d,TAG(42:0_FA14:0),13.8500,14.1800
C30_QC_00.d,TAG(42:0_FA16:0),13.9100,14.2700
C30_QC_01.d,TAG(42:0_FA16:0),13.8500,14.2100
C30_QC_02.d,TAG(42:0_FA16:0),13.8800,14.2400
C30_QC_00.d,TAG(42:1_FA14:0),13.5400,13.9400
C30_QC_01.d,TAG(42:1_FA14:0),13.4800,13.8800
C30_QC_02.d,TAG(42:1_FA14:0),13.4500,13.8500
C30_QC_00.d,TAG(42:1_FA16:0),13.5700,13.9700
C30_QC_01.d,TAG(42:1_FA16:0),13.5400,13.9100
C30_QC_02.d,TAG(42:1_FA16:0),13.5400,13.9400
C30_QC_00.d,TAG(42:1_FA16:1),13.5400,13.9400
C30_QC_01.d,TAG(42:1_FA16:1),13.4800,13.8800
C30_QC_02.d,TAG(42:1_FA16:1),13.4800,13.8800
C30_QC_00.d,TAG(42:1_FA18:1),13.5700,13.9400
C30_QC_01.d,TAG(42:1_FA18:1),13.5100,13.8800
C30_QC_02.d,TAG(42:1_FA18:1),13.5100,13.9400
C30_QC_00.d,TAG(42:2_FA18:2),13.3000,15.0700
C30_QC_01.d,TAG(42:2_FA18:2),13.2400,13.6600
C30_QC_02.d,TAG(42:2_FA18:2),13.2400,13.6000
C30_QC_00.d,TAG(44:0_FA14:0),14.2400,14.6100
C30_QC_01.d,TAG(44:0_FA14:0),14.2100,14.5500
C30_QC_02.d,TAG(44:0_FA14:0),14.1800,14.5500
C30_QC_00.d,TAG(44:0_FA16:0),14.2400,14.6100
C30_QC_01.d,TAG(44:0_FA16:0),14.2100,14.5800
C30_QC_02.d,TAG(44:0_FA16:0),14.2100,14.5800
C30_QC_00.d,TAG(44:0_FA18:0),14.2700,14.6400
C30_QC_01.d,TAG(44:0_FA18:0),14.2400,14.6100
C30_QC_02.d,TAG(44:0_FA18:0),14.2100,14.6100
C30_QC_00.d,TAG(44:1_FA14:0),13.8800,14.2400
C30_QC_01.d,TAG(44:1_FA14:0),13.8500,14.2100
C30_QC_02.d,TAG(44:1_FA14:0),13.8500,14.2100
C30_QC_00.d,TAG(44:1_FA16:0),13.9100,14.2700
C30_QC_01.d,TAG(44:1_FA16:0),13.8500,14.2400
C30_QC_02.d,TAG(44:1_FA16:0),13.8500,14.2100
C30_QC_00.d,TAG(44:1_FA16:1),13.8800,14.2700
C30_QC_01.d,TAG(44:1_FA16:1),13.8500,14.2100
C30_QC_02.d,TAG(44:1_FA16:1),13.8500,14.2100
C30_QC_00.d,TAG(44:1_FA18:1),13.8800,14.2700
C30_QC_01.d,TAG(44:1_FA18:1),13.8500,14.2100
C30_QC_02.d,TAG(44:1_FA18:1),13.8500,14.2100
C30_QC_00.d,TAG(44:2_FA14:0),13.5700,14.0000
C30_QC_01.d,TAG(44:2_FA14:0),13.5400,13.9100
C30_QC_02.d,TAG(44:2_FA14:0),13.5400,13.9400
C30_QC_00.d,TAG(44:2_FA16:0),13.6000,14.0300
C30_QC_01.d,TAG(44:2_FA16:0),13.5700,13.9700
C30_QC_02.d,TAG(44:2_FA16:0),13.5700,13.9700
C30_QC_00.d,TAG(44:2_FA16:1),13.5400,13.9700
C30_QC_01.d,TAG(44:2_FA16:1),13.5400,13.9100
C30_QC_02.d,TAG(44:2_FA16:1),13.5100,13.9100
C30_QC_00.d,TAG(44:2_FA18:1),13.5700,14.0000
C30_QC_01.d,TAG(44:2_FA18:1),13.5400,13.9400
C30_QC_02.d,TAG(44:2_FA18:1),13.5400,13.9100
C30_QC_00.d,TAG(44:2_FA18:2),13.6000,13.9700
C30_QC_01.d,TAG(44:2_FA18:2),13.5700,13.9400
C30_QC_02.d,TAG(44:2_FA18:2),13.5400,13.9400
C30_QC_00.d,TAG(44:3_FA18:2),13.3000,13.7800
C30_QC_01.d,TAG(44:3_FA18:2),13.2300,13.6900
C30_QC_02.d,TAG(44:3_FA18:2),13.2300,15.0400
C30_QC_00.d,TAG(45:0_FA14:0),14.2400,14.7900
C30_QC_01.d,TAG(45:0_FA14:0),14.2100,14.7600
C30_QC_02.d,TAG(45:0_FA14:0),14.3300,14.7600
C30_QC_00.d,TAG(45:0_FA16:0),14.2700,14.7900
C30_QC_01.d,TAG(45:0_FA16:0),14.0900,14.7600
C30_QC_02.d,TAG(45:0_FA16:0),14.2700,14.7600
C30_QC_00.d,TAG(45:1_FA16:0),14.0600,14.4600
C30_QC_01.d,TAG(45:1_FA16:0),13.9400,14.3900
C30_QC_02.d,TAG(45:1_FA16:0),14.0000,14.4300
C30_QC_00.d,TAG(45:1_FA18:1),14.0000,14.3900
C30_QC_01.d,TAG(45:1_FA18:1),13.9700,14.3900
C30_QC_02.d,TAG(45:1_FA18:1),13.9700,14.3900
C30_QC_00.d,TAG(46:0_FA14:0),14.6400,15.0000
C30_QC_01.d,TAG(46:0_FA14:0),14.6100,14.9400
C30_QC_02.d,TAG(46:0_FA14:0),14.5800,14.9700
C30_QC_00.d,TAG(46:0_FA16:0),14.6400,15.0000
C30_QC_01.d,TAG(46:0_FA16:0),14.5800,14.9400
C30_QC_02.d,TAG(46:0_FA16:0),14.5800,14.9400
C30_QC_00.d,TAG(46:0_FA18:0),14.6400,15.0300
C30_QC_01.d,TAG(46:0_FA18:0),14.6100,14.9700
C30_QC_02.d,TAG(46:0_FA18:0),14.6100,15.0000
C30_QC_00.d,TAG(46:1_FA14:0),14.2400,14.5800
C30_QC_01.d,TAG(46:1_FA14:0),14.2100,14.5500
C30_QC_02.d,TAG(46:1_FA14:0),14.1800,14.5500
C30_QC_00.d,TAG(46:1_FA16:0),14.2400,14.6100
C30_QC_01.d,TAG(46:1_FA16:0),14.2100,14.5800
C30_QC_02.d,TAG(46:1_FA16:0),14.2100,14.5800
C30_QC_00.d,TAG(46:1_FA16:1),14.2400,14.6100
C30_QC_01.d,TAG(46:1_FA16:1),14.2100,14.5800
C30_QC_02.d,TAG(46:1_FA16:1),14.2100,14.5500
C30_QC_00.d,TAG(46:1_FA18:0),14.2700,14.6400
C30_QC_01.d,TAG(46:1_FA18:0),14.2400,14.6100
C30_QC_02.d,TAG(46:1_FA18:0),14.2100,14.5800
C30_QC_00.d,TAG(46:1_FA18:1),14.2400,14.6100
C30_QC_01.d,TAG(46:1_FA18:1),14.2100,14.5500
C30_QC_02.d,TAG(46:1_FA18:1),14.2100,14.5500
C30_QC_00.d,TAG(46:2_FA14:0),13.9100,14.2700
C30_QC_01.d,TAG(46:2_FA14:0),13.8700,14.2400
C30_QC_02.d,TAG(46:2_FA14:0),13.8700,14.2400
C30_QC_00.d,TAG(46:2_FA16:0),13.9400,14.3000
C30_QC_01.d,TAG(46:2_FA16:0),13.9100,14.2700
C30_QC_02.d,TAG(46:2_FA16:0),13.9100,14.2700
C30_QC_00.d,TAG(46:2_FA16:1),13.9100,14.2700
C30_QC_01.d,TAG(46:2_FA16:1),13.8400,14.2400
C30_QC_02.d,TAG(46:2_FA16:1),13.8400,14.2400
C30_QC_00.d,TAG(46:2_FA18:1),13.9100,14.2700
C30_QC_01.d,TAG(46:2_FA18:1),13.8400,14.2400
C30_QC_02.d,TAG(46:2_FA18:1),13.8400,14.2400
C30_QC_00.d,TAG(46:2_FA18:2),13.9400,14.3000
C30_QC_01.d,TAG(46:2_FA18:2),13.9100,14.2700
C30_QC_02.d,TAG(46:2_FA18:2),13.9100,14.2400
C30_QC_00.d,TAG(46:3_FA14:0),13.6300,14.0300
C30_QC_01.d,TAG(46:3_FA14:0),13.5700,14.0000
C30_QC_02.d,TAG(46:3_FA14:0),13.5700,13.9700
C30_QC_00.d,TAG(46:3_FA16:0),13.6900,14.1200
C30_QC_01.d,TAG(46:3_FA16:0),13.6300,14.0300
C30_QC_02.d,TAG(46:3_FA16:0),13.6600,14.0600
C30_QC_00.d,TAG(46:3_FA16:1),13.6000,14.0300
C30_QC_01.d,TAG(46:3_FA16:1),13.5400,13.9700
C30_QC_02.d,TAG(46:3_FA16:1),13.5400,13.9700
C30_QC_00.d,TAG(46:3_FA18:1),13.6000,14.0300
C30_QC_01.d,TAG(46:3_FA18:1),13.5700,13.9700
C30_QC_02.d,TAG(46:3_FA18:1),13.5700,13.9700
C30_QC_00.d,TAG(46:3_FA18:2),13.6000,14.0000
C30_QC_01.d,TAG(46:3_FA18:2),13.5700,13.9400
C30_QC_02.d,TAG(46:3_FA18:2),13.5700,14.0000
C30_QC_00.d,TAG(46:3_FA18:3),13.6900,14.0900
C30_QC_01.d,TAG(46:3_FA18:3),13.6600,14.0300
C30_QC_02.d,TAG(46:3_FA18:3),13.6600,14.0300
C30_QC_00.d,TAG(46:4_FA18:2),13.3300,15.1000
C30_QC_01.d,TAG(46:4_FA18:2),13.2900,15.0700
C30_QC_02.d,TAG(46:4_FA18:2),13.2900,15.0700
C30_QC_00.d,TAG(47:0_FA14:0),14.4500,15.1900
C30_QC_01.d,TAG(47:0_FA14:0),14.4200,15.1600
C30_QC_02.d,TAG(47:0_FA14:0),14.7300,15.1300
C30_QC_00.d,TAG(47:0_FA16:0),14.8200,15.1900
C30_QC_01.d,TAG(47:0_FA16:0),14.7300,15.1600
C30_QC_02.d,TAG(47:0_FA16:0),14.7300,15.1600
C30_QC_00.d,TAG(47:0_FA17:0),14.7900,15.2200
C30_QC_01.d,TAG(47:0_FA17:0),14.5100,15.1900
C30_QC_02.d,TAG(47:0_FA17:0),14.7300,15.1600
C30_QC_00.d,TAG(47:1_FA14:0),14.3900,14.7900
C30_QC_01.d,TAG(47:1_FA14:0),14.3600,14.7600
C30_QC_02.d,TAG(47:1_FA14:0),14.3300,14.7300
C30_QC_00.d,TAG(47:1_FA16:0),14.4200,14.8200
C30_QC_01.d,TAG(47:1_FA16:0),14.3600,14.7600
C30_QC_02.d,TAG(47:1_FA16:0),14.3600,14.7600
C30_QC_00.d,TAG(47:1_FA16:1),14.1500,14.8200
C30_QC_01.d,TAG(47:1_FA16:1),14.3900,14.7600
C30_QC_02.d,TAG(47:1_FA16:1),14.3600,14.7600
C30_QC_00.d,TAG(47:1_FA17:0),14.1800,14.7900
C30_QC_01.d,TAG(47:1_FA17:0),14.3600,14.7600
C30_QC_02.d,TAG(47:1_FA17:0),14.3300,14.7600
C30_QC_00.d,TAG(47:1_FA18:1),14.3900,14.7900
C30_QC_01.d,TAG(47:1_FA18:1),14.3600,14.7600
C30_QC_02.d,TAG(47:1_FA18:1),14.3300,14.7300
C30_QC_00.d,TAG(47:2_FA14:0),14.0900,14.4500
C30_QC_01.d,TAG(47:2_FA14:0),14.0300,14.4200
C30_QC_02.d,TAG(47:2_FA14:0),14.0300,14.4200
C30_QC_00.d,TAG(47:2_FA16:1),14.0600,14.4800
C30_QC_01.d,TAG(47:2_FA16:1),14.0300,14.4200
C30_QC_02.d,TAG(47:2_FA16:1),14.0300,14.4200
C30_QC_00.d,TAG(47:2_FA18:1),14.0300,14.4800
C30_QC_01.d,TAG(47:2_FA18:1),14.0300,14.3900
C30_QC_02.d,TAG(47:2_FA18:1),14.0000,14.4200
C30_QC_00.d,TAG(47:2_FA18:2),14.0900,14.4500
C30_QC_01.d,TAG(47:2_FA18:2),14.0300,14.4200
C30_QC_02.d,TAG(47:2_FA18:2),14.0300,14.4200
C30_QC_00.d,TAG(48:0_FA14:0),14.6000,14.9700
C30_QC_01.d,TAG(48:0_FA14:0),14.5700,14.9400
C30_QC_02.d,TAG(48:0_FA14:0),15.0300,15.4000
C30_QC_00.d,TAG(48:0_FA16:0),15.0900,15.4300
C30_QC_01.d,TAG(48:0_FA16:0),15.0300,15.4000
C30_QC_02.d,TAG(48:0_FA16:0),15.0300,15.4000
C30_QC_00.d,TAG(48:0_FA18:0),15.0900,15.4300
C30_QC_01.d,TAG(48:0_FA18:0),15.0300,15.4000
C30_QC_02.d,TAG(48:0_FA18:0),15.0300,15.4000
C30_QC_00.d,TAG(48:1_FA14:0),14.6000,14.9700
C30_QC_01.d,TAG(48:1_FA14:0),14.5700,14.9400
C30_QC_02.d,TAG(48:1_FA14:0),14.5700,14.9100
C30_QC_00.d,TAG(48:1_FA16:0),14.6300,14.9700
C30_QC_01.d,TAG(48:1_FA16:0),14.5700,14.9400
C30_QC_02.d,TAG(48:1_FA16:0),14.5700,14.9400
C30_QC_00.d,TAG(48:1_FA16:1),14.6300,15.0000
C30_QC_01.d,TAG(48:1_FA16:1),14.6000,14.9700
C30_QC_02.d,TAG(48:1_FA16:1),14.5700,14.9700
C30_QC_00.d,TAG(48:1_FA18:0),14.6300,15.0000
C30_QC_01.d,TAG(48:1_FA18:0),14.6000,14.9700
C30_QC_02.d,TAG(48:1_FA18:0),14.6000,14.9700
C30_QC_00.d,TAG(48:1_FA18:1),14.6000,14.9700
C30_QC_01.d,TAG(48:1_FA18:1),14.5700,14.9400
C30_QC_02.d,TAG(48:1_FA18:1),14.5700,14.9400
C30_QC_00.d,TAG(48:2_FA14:0),14.2700,14.6400
C30_QC_01.d,TAG(48:2_FA14:0),14.2100,14.6000
C30_QC_02.d,TAG(48:2_FA14:0),14.2100,14.6000
C30_QC_00.d,TAG(48:2_FA14:1),14.2700,14.6400
C30_QC_01.d,TAG(48:2_FA14:1),14.2100,14.6000
C30_QC_02.d,TAG(48:2_FA14:1),14.2100,14.5700
C30_QC_00.d,TAG(48:2_FA16:0),14.2700,14.6400
C30_QC_01.d,TAG(48:2_FA16:0),14.2400,14.6000
C30_QC_02.d,TAG(48:2_FA16:0),14.2400,14.6000
C30_QC_00.d,TAG(48:2_FA16:1),14.2400,14.6000
C30_QC_01.d,TAG(48:2_FA16:1),14.2100,14.5700
C30_QC_02.d,TAG(48:2_FA16:1),14.2100,14.5400
C30_QC_00.d,TAG(48:2_FA18:0),13.9600,14.6700
C30_QC_01.d,TAG(48:2_FA18:0),14.2100,14.6400
C30_QC_02.d,TAG(48:2_FA18:0),13.9300,14.6400
C30_QC_00.d,TAG(48:2_FA18:1),14.2400,14.6000
C30_QC_01.d,TAG(48:2_FA18:1),14.2100,14.5700
C30_QC_02.d,TAG(48:2_FA18:1),14.2100,14.5400
C30_QC_00.d,TAG(48:2_FA18:2),14.3000,14.6700
C30_QC_01.d,TAG(48:2_FA18:2),14.2700,14.6000
C30_QC_02.d,TAG(48:2_FA18:2),14.2700,14.6000
C30_QC_00.d,TAG(48:3_FA14:0),13.9300,14.3600
C30_QC_01.d,TAG(48:3_FA14:0),13.9000,14.3000
C30_QC_02.d,TAG(48:3_FA14:0),13.9000,14.3000
C30_QC_00.d,TAG(48:3_FA16:0),13.9600,14.3900
C30_QC_01.d,TAG(48:3_FA16:0),13.9300,14.3600
C30_QC_02.d,TAG(48:3_FA16:0),13.9300,14.3300
C30_QC_00.d,TAG(48:3_FA16:1),13.9300,14.3000
C30_QC_01.d,TAG(48:3_FA16:1),13.8700,14.2700
C30_QC_02.d,TAG(48:3_FA16:1),13.8700,14.2700
C30_QC_00.d,TAG(48:3_FA18:1),13.9300,14.3000
C30_QC_01.d,TAG(48:3_FA18:1),13.9000,14.2700
C30_QC_02.d,TAG(48:3_FA18:1),13.9000,14.2700
C30_QC_00.d,TAG(48:3_FA18:2),13.9300,14.3000
C30_QC_01.d,TAG(48:3_FA18:2),13.9000,14.2700
C30_QC_02.d,TAG(48:3_FA18:2),13.9000,14.2700
C30_QC_00.d,TAG(48:3_FA18:3),14.0600,14.4200
C30_QC_01.d,TAG(48:3_FA18:3),14.0300,14.3900
C30_QC_02.d,TAG(48:3_FA18:3),14.0300,14.3600
C30_QC_00.d,TAG(48:4_FA14:0),13.6900,14.0900
C30_QC_01.d,TAG(48:4_FA14:0),13.6600,14.0900
C30_QC_02.d,TAG(48:4_FA14:0),13.6600,14.0900
C30_QC_00.d,TAG(48:4_FA16:0),13.7200,14.2100
C30_QC_01.d,TAG(48:4_FA16:0),13.6900,14.2700
C30_QC_02.d,TAG(48:4_FA16:0),13.7200,14.1800
C30_QC_00.d,TAG(48:4_FA16:1),13.6600,14.0900
C30_QC_01.d,TAG(48:4_FA16:1),13.6000,14.1800
C30_QC_02.d,TAG(48:4_FA16:1),13.6000,14.0600
C30_QC_00.d,TAG(48:4_FA18:1),13.6900,14.0900
C30_QC_01.d,TAG(48:4_FA18:1),13.6300,14.0000
C30_QC_02.d,TAG(48:4_FA18:1),13.6300,14.0300
C30_QC_00.d,TAG(48:4_FA18:2),13.6300,14.0300
C30_QC_01.d,TAG(48:4_FA18:2),13.6000,14.0000
C30_QC_02.d,TAG(48:4_FA18:2),13.6000,13.9600
C30_QC_00.d,TAG(48:4_FA18:3),13.7200,14.0900
C30_QC_01.d,TAG(48:4_FA18:3),13.6900,14.0600
C30_QC_02.d,TAG(48:4_FA18:3),13.6600,14.0600
C30_QC_00.d,TAG(48:4_FA20:4),13.8100,14.1800
C30_QC_01.d,TAG(48:4_FA20:4),13.7800,14.1500
C30_QC_02.d,TAG(48:4_FA20:4),13.8100,14.1800
C30_QC_00.d,TAG(48:5_FA18:2),13.3800,13.7800
C30_QC_01.d,TAG(48:5_FA18:2),13.3500,13.7800
C30_QC_02.d,TAG(48:5_FA18:2),13.3500,13.8100
C30_QC_00.d,TAG(48:5_FA18:3),13.4200,13.7800
C30_QC_01.d,TAG(48:5_FA18:3),13.3800,13.7200
C30_QC_02.d,TAG(48:5_FA18:3),13.3800,13.7500
C30_QC_00.d,TAG(49:0_FA16:0),15.2100,15.6400
C30_QC_01.d,TAG(49:0_FA16:0),15.1800,15.6100
C30_QC_02.d,TAG(49:0_FA16:0),15.1500,15.5800
C30_QC_00.d,TAG(49:0_FA17:0),15.1800,15.6400
C30_QC_01.d,TAG(49:0_FA17:0),15.1500,15.6100
C30_QC_02.d,TAG(49:0_FA17:0),15.1500,15.6100
C30_QC_00.d,TAG(49:0_FA18:0),15.2400,15.6400
C30_QC_01.d,TAG(49:0_FA18:0),15.1800,15.6100
C30_QC_02.d,TAG(49:0_FA18:0),15.1800,15.6100
C30_QC_00.d,TAG(49:1_FA16:0),14.8200,15.1800
C30_QC_01.d,TAG(49:1_FA16:0),14.7600,15.1500
C30_QC_02.d,TAG(49:1_FA16:0),14.7600,15.1500
C30_QC_00.d,TAG(49:1_FA17:1),14.8200,15.1800
C30_QC_01.d,TAG(49:1_FA17:1),14.7900,15.1500
C30_QC_02.d,TAG(49:1_FA17:1),14.7900,15.1500
C30_QC_00.d,TAG(49:2_FA14:0),14.4200,14.7900
C30_QC_01.d,TAG(49:2_FA14:0),14.3900,14.7900
C30_QC_02.d,TAG(49:2_FA14:0),14.3900,14.7600
C30_QC_00.d,TAG(49:2_FA16:0),14.4500,14.8500
C30_QC_01.d,TAG(49:2_FA16:0),14.4200,14.7900
C30_QC_02.d,TAG(49:2_FA16:0),14.4200,14.7900
C30_QC_00.d,TAG(49:2_FA16:1),14.4200,14.7900
C30_QC_01.d,TAG(49:2_FA16:1),14.3900,14.7600
C30_QC_02.d,TAG(49:2_FA16:1),14.3600,14.7600
C30_QC_00.d,TAG(49:2_FA17:0),14.4200,14.8500
C30_QC_01.d,TAG(49:2_FA17:0),14.3900,14.7900
C30_QC_02.d,TAG(49:2_FA17:0),14.3900,14.7900
C30_QC_00.d,TAG(49:2_FA18:1),14.3900,14.7900
C30_QC_01.d,TAG(49:2_FA18:1),14.3900,14.7600
C30_QC_02.d,TAG(49:2_FA18:1),14.3600,14.7600
C30_QC_00.d,TAG(49:2_FA18:2),14.4500,14.8500
C30_QC_01.d,TAG(49:2_FA18:2),14.4200,14.8200
C30_QC_02.d,TAG(49:2_FA18:2),14.4200,14.7900
C30_QC_00.d,TAG(49:3_FA16:0),14.1500,14.5700
C30_QC_01.d,TAG(49:3_FA16:0),14.1200,14.5100
C30_QC_02.d,TAG(49:3_FA16:0),14.0800,14.5700
C30_QC_00.d,TAG(49:3_FA16:1),14.0800,14.4800
C30_QC_01.d,TAG(49:3_FA16:1),14.0500,14.4200
C30_QC_02.d,TAG(49:3_FA16:1),14.0500,14.4500
C30_QC_00.d,TAG(49:3_FA18:2),14.1200,14.4800
C30_QC_01.d,TAG(49:3_FA18:2),14.0500,14.4500
C30_QC_02.d,TAG(49:3_FA18:2),14.0500,14.4200
C30_QC_00.d,TAG(49:3_FA18:3),14.2100,14.6000
C30_QC_01.d,TAG(49:3_FA18:3),14.1500,14.5400
C30_QC_02.d,TAG(49:3_FA18:3),14.1500,14.5400
C30_QC_00.d,TAG(50:0_FA14:0),15.5500,15.9100
C30_QC_01.d,TAG(50:0_FA14:0),15.4900,15.8800
C30_QC_02.d,TAG(50:0_FA14:0),15.4900,15.8500
C30_QC_00.d,TAG(50:0_FA16:0),15.5200,15.8800
C30_QC_01.d,TAG(50:0_FA16:0),15.4900,15.8500
C30_QC_02.d,TAG(50:0_FA16:0),15.4900,15.8500
C30_QC_00.d,TAG(50:0_FA18:0),15.5200,15.8800
C30_QC_01.d,TAG(50:0_FA18:0),15.4900,15.8500
C30_QC_02.d,TAG(50:0_FA18:0),15.4900,15.8500
C30_QC_00.d,TAG(50:1_FA14:0),14.6000,14.9700
C30_QC_01.d,TAG(50:1_FA14:0),14.5700,14.9100
C30_QC_02.d,TAG(50:1_FA14:0),14.5700,14.9100
C30_QC_00.d,TAG(50:1_FA16:0),15.0600,15.3900
C30_QC_01.d,TAG(50:1_FA16:0),15.0000,15.3600
C30_QC_02.d,TAG(50:1_FA16:0),15.0000,15.3600
C30_QC_00.d,TAG(50:1_FA16:1),14.6300,14.9700
C30_QC_01.d,TAG(50:1_FA16:1),14.5700,14.9400
C30_QC_02.d,TAG(50:1_FA16:1),14.5700,14.9400
C30_QC_00.d,TAG(50:1_FA18:0),15.0600,15.4200
C30_QC_01.d,TAG(50:1_FA18:0),15.0300,15.3900
C30_QC_02.d,TAG(50:1_FA18:0),15.0300,15.3900
C30_QC_00.d,TAG(50:1_FA18:1),15.0600,15.4200
C30_QC_01.d,TAG(50:1_FA18:1),15.0300,15.3600
C30_QC_02.d,TAG(50:1_FA18:1),15.0000,15.3600
C30_QC_00.d,TAG(50:1_FA20:1),15.0600,15.4200
C30_QC_01.d,TAG(50:1_FA20:1),15.0000,15.3600
C30_QC_02.d,TAG(50:1_FA20:1),15.0000,15.3600
C30_QC_00.d,TAG(50:2_FA14:0),14.6000,14.9700
C30_QC_01.d,TAG(50:2_FA14:0),14.5700,14.9400
C30_QC_02.d,TAG(50:2_FA14:0),14.5400,14.9100
C30_QC_00.d,TAG(50:2_FA16:0),14.6300,15.0600
C30_QC_01.d,TAG(50:2_FA16:0),14.6000,15.0300
C30_QC_02.d,TAG(50:2_FA16:0),14.6000,15.0000
C30_QC_00.d,TAG(50:2_FA16:1),14.6300,14.9700
C30_QC_01.d,TAG(50:2_FA16:1),14.5700,14.9400
C30_QC_02.d,TAG(50:2_FA16:1),14.5700,14.9400
C30_QC_00.d,TAG(50:2_FA18:0),14.6300,15.0300
C30_QC_01.d,TAG(50:2_FA18:0),14.5700,15.0000
C30_QC_02.d,TAG(50:2_FA18:0),14.5700,15.0000
C30_QC_00.d,TAG(50:2_FA18:1),14.6000,14.9700
C30_QC_01.d,TAG(50:2_FA18:1),14.5700,14.9400
C30_QC_02.d,TAG(50:2_FA18:1),14.5700,14.9100
C30_QC_00.d,TAG(50:2_FA18:2),14.7200,15.0600
C30_QC_01.d,TAG(50:2_FA18:2),14.6600,15.0300
C30_QC_02.d,TAG(50:2_FA18:2),14.6600,15.0300
C30_QC_00.d,TAG(50:2_FA20:2),14.6600,15.0600
C30_QC_01.d,TAG(50:2_FA20:2),14.6300,15.0300
C30_QC_02.d,TAG(50:2_FA20:2),14.2600,15.0300
C30_QC_00.d,TAG(50:3_FA14:0),14.3000,14.6300
C30_QC_01.d,TAG(50:3_FA14:0),14.2300,14.6000
C30_QC_02.d,TAG(50:3_FA14:0),14.2300,14.6000
C30_QC_00.d,TAG(50:3_FA14:1),14.2600,14.6600
C30_QC_01.d,TAG(50:3_FA14:1),14.2000,14.6300
C30_QC_02.d,TAG(50:3_FA14:1),14.1700,14.6000
C30_QC_00.d,TAG(50:3_FA16:0),14.3000,14.6900
C30_QC_01.d,TAG(50:3_FA16:0),14.2600,14.6600
C30_QC_02.d,TAG(50:3_FA16:0),14.2600,14.6300
C30_QC_00.d,TAG(50:3_FA16:1),14.2600,14.6600
C30_QC_01.d,TAG(50:3_FA16:1),14.2300,14.6000
C30_QC_02.d,TAG(50:3_FA16:1),14.2300,14.6000
C30_QC_00.d,TAG(50:3_FA18:0),14.0500,14.7200
C30_QC_01.d,TAG(50:3_FA18:0),14.2300,14.6900
C30_QC_02.d,TAG(50:3_FA18:0),14.2000,14.6300
C30_QC_00.d,TAG(50:3_FA18:1),14.2600,14.6300
C30_QC_01.d,TAG(50:3_FA18:1),14.2300,14.6000
C30_QC_02.d,TAG(50:3_FA18:1),14.2300,14.6000
C30_QC_00.d,TAG(50:3_FA18:2),14.3000,14.6600
C30_QC_01.d,TAG(50:3_FA18:2),14.2600,14.6000
C30_QC_02.d,TAG(50:3_FA18:2),14.2600,14.6000
C30_QC_00.d,TAG(50:3_FA18:3),14.3900,14.8100
C30_QC_01.d,TAG(50:3_FA18:3),14.3900,14.7500
C30_QC_02.d,TAG(50:3_FA18:3),14.3600,14.7500
C30_QC_00.d,TAG(50:3_FA20:3),14.2300,14.8100
C30_QC_01.d,TAG(50:3_FA20:3),14.2000,14.7500
C30_QC_02.d,TAG(50:3_FA20:3),14.1100,14.7500
C30_QC_00.d,TAG(50:4_FA14:0),13.9900,14.3600
C30_QC_01.d,TAG(50:4_FA14:0),13.9600,14.3300
C30_QC_02.d,TAG(50:4_FA14:0),13.9600,14.3300
C30_QC_00.d,TAG(50:4_FA16:0),14.0500,14.4500
C30_QC_01.d,TAG(50:4_FA16:0),14.0200,14.4200
C30_QC_02.d,TAG(50:4_FA16:0),14.0200,14.4200
C30_QC_00.d,TAG(50:4_FA16:1),13.9600,14.3600
C30_QC_01.d,TAG(50:4_FA16:1),13.9300,14.3300
C30_QC_02.d,TAG(50:4_FA16:1),13.9000,14.3300
C30_QC_00.d,TAG(50:4_FA18:1),13.9900,14.4200
C30_QC_01.d,TAG(50:4_FA18:1),13.9600,14.3900
C30_QC_02.d,TAG(50:4_FA18:1),13.9300,14.3900
C30_QC_00.d,TAG(50:4_FA18:2),13.9900,14.3600
C30_QC_01.d,TAG(50:4_FA18:2),13.9300,14.3000
C30_QC_02.d,TAG(50:4_FA18:2),13.9300,14.3000
C30_QC_00.d,TAG(50:4_FA18:3),14.0500,14.4200
C30_QC_01.d,TAG(50:4_FA18:3),14.0200,14.3900
C30_QC_02.d,TAG(50:4_FA18:3),14.0200,14.3900
C30_QC_00.d,TAG(50:4_FA20:3),14.0200,14.4800
C30_QC_01.d,TAG(50:4_FA20:3),13.9900,14.4200
C30_QC_02.d,TAG(50:4_FA20:3),13.9600,14.4500
C30_QC_00.d,TAG(50:4_FA20:4),14.1700,14.5400
C30_QC_01.d,TAG(50:4_FA20:4),14.1400,14.5100
C30_QC_02.d,TAG(50:4_FA20:4),14.1400,14.5100
C30_QC_00.d,TAG(50:5_FA14:0),13.7500,14.1400
C30_QC_01.d,TAG(50:5_FA14:0),13.7200,14.1100
C30_QC_02.d,TAG(50:5_FA14:0),13.7200,14.1100
C30_QC_00.d,TAG(50:5_FA16:0),13.8400,14.2700
C30_QC_01.d,TAG(50:5_FA16:0),13.7800,14.2400
C30_QC_02.d,TAG(50:5_FA16:0),13.8100,14.2400
C30_QC_00.d,TAG(50:5_FA16:1),13.7200,14.1400
C30_QC_01.d,TAG(50:5_FA16:1),13.6900,14.1400
C30_QC_02.d,TAG(50:5_FA16:1),13.6600,14.1700
C30_QC_00.d,TAG(50:5_FA18:1),13.7500,14.2100
C30_QC_01.d,TAG(50:5_FA18:1),13.7200,14.3300
C30_QC_02.d,TAG(50:5_FA18:1),13.6900,14.2700
C30_QC_00.d,TAG(50:5_FA18:2),13.7200,14.1400
C30_QC_01.d,TAG(50:5_FA18:2),13.6900,14.0800
C30_QC_02.d,TAG(50:5_FA18:2),13.6600,14.0800
C30_QC_00.d,TAG(50:5_FA18:3),13.7500,14.1100
C30_QC_01.d,TAG(50:5_FA18:3),13.6900,14.0800
C30_QC_02.d,TAG(50:5_FA18:3),13.7200,14.0800
C30_QC_00.d,TAG(50:5_FA20:4),13.8400,14.2100
C30_QC_01.d,TAG(50:5_FA20:4),13.8100,14.1400
C30_QC_02.d,TAG(50:5_FA20:4),13.7800,14.1400
C30_QC_00.d,TAG(50:5_FA20:5),13.9600,14.3000
C30_QC_01.d,TAG(50:5_FA20:5),13.7500,14.2700
C30_QC_02.d,TAG(50:5_FA20:5),13.9000,14.2700
C30_QC_00.d,TAG(50:6_FA20:4),13.5600,13.9300
C30_QC_01.d,TAG(50:6_FA20:4),13.4700,13.8700
C30_QC_02.d,TAG(50:6_FA20:4),13.4700,13.8700
C30_QC_00.d,TAG(51:0_FA16:0),15.1800,15.6400
C30_QC_01.d,TAG(51:0_FA16:0),15.1500,15.5700
C30_QC_02.d,TAG(51:0_FA16:0),15.1500,15.5700
C30_QC_00.d,TAG(51:0_FA17:0),15.1800,15.6100
C30_QC_01.d,TAG(51:0_FA17:0),15.1500,15.5700
C30_QC_02.d,TAG(51:0_FA17:0),15.1500,15.5700
C30_QC_00.d,TAG(51:0_FA18:0),15.6700,16.1200
C30_QC_01.d,TAG(51:0_FA18:0),15.6400,16.0900
C30_QC_02.d,TAG(51:0_FA18:0),15.6100,16.0300
C30_QC_00.d,TAG(51:1_FA16:0),15.1800,15.6400
C30_QC_01.d,TAG(51:1_FA16:0),15.1500,15.5800
C30_QC_02.d,TAG(51:1_FA16:0),15.1500,15.5800
C30_QC_00.d,TAG(51:1_FA17:0),15.1800,15.6100
C30_QC_01.d,TAG(51:1_FA17:0),15.1500,15.5800
C30_QC_02.d,TAG(51:1_FA17:0),15.1200,15.5800
C30_QC_00.d,TAG(51:1_FA18:0),15.2400,15.6400
C30_QC_01.d,TAG(51:1_FA18:0),15.2100,15.6100
C30_QC_02.d,TAG(51:1_FA18:0),15.2100,15.5800
C30_QC_00.d,TAG(51:1_FA18:1),15.1800,15.6400
C30_QC_01.d,TAG(51:1_FA18:1),15.1500,15.5800
C30_QC_02.d,TAG(51:1_FA18:1),15.1500,15.5800
C30_QC_00.d,TAG(51:2_FA17:1),14.8100,15.1800
C30_QC_01.d,TAG(51:2_FA17:1),14.7800,15.1500
C30_QC_02.d,TAG(51:2_FA17:1),14.7800,15.1200
C30_QC_00.d,TAG(51:3_FA16:1),14.4200,14.8400
C30_QC_01.d,TAG(51:3_FA16:1),14.3900,14.7800
C30_QC_02.d,TAG(51:3_FA16:1),14.3900,14.7800
C30_QC_00.d,TAG(51:3_FA17:0),14.4500,14.8700
C30_QC_01.d,TAG(51:3_FA17:0),14.4200,14.8100
C30_QC_02.d,TAG(51:3_FA17:0),14.4200,14.8400
C30_QC_00.d,TAG(51:3_FA18:2),14.4800,14.8400
C30_QC_01.d,TAG(51:3_FA18:2),14.4500,14.8100
C30_QC_02.d,TAG(51:3_FA18:2),14.4500,14.7800
C30_QC_00.d,TAG(51:3_FA18:3),14.5400,14.9700
C30_QC_01.d,TAG(51:3_FA18:3),14.5100,14.9000
C30_QC_02.d,TAG(51:3_FA18:3),14.2000,14.9000
C30_QC_00.d,TAG(51:4_FA16:1),14.1100,14.5100
C30_QC_01.d,TAG(51:4_FA16:1),14.0800,14.4800
C30_QC_02.d,TAG(51:4_FA16:1),14.0800,14.4500
C30_QC_00.d,TAG(51:4_FA18:2),14.1700,14.5400
C30_QC_01.d,TAG(51:4_FA18:2),14.1100,14.4800
C30_QC_02.d,TAG(51:4_FA18:2),14.1100,14.4800
C30_QC_00.d,TAG(51:4_FA18:3),14.2000,14.6000
C30_QC_01.d,TAG(51:4_FA18:3),14.1700,14.5700
C30_QC_02.d,TAG(51:4_FA18:3),14.1700,14.5400
C30_QC_00.d,TAG(51:4_FA20:4),14.1700,14.7200
C30_QC_01.d,TAG(51:4_FA20:4),14.1100,14.6900
C30_QC_02.d,TAG(51:4_FA20:4),14.1100,14.6600
C30_QC_00.d,TAG(51:5_FA18:2),13.9000,14.2900
C30_QC_01.d,TAG(51:5_FA18:2),13.8400,14.2600
C30_QC_02.d,TAG(51:5_FA18:2),13.8400,14.2300
C30_QC_00.d,TAG(51:5_FA18:3),13.9300,14.2900
C30_QC_01.d,TAG(51:5_FA18:3),13.9000,14.2600
C30_QC_02.d,TAG(51:5_FA18:3),13.9000,14.2600
C30_QC_00.d,TAG(52:0_FA16:0),16.0000,16.4000
C30_QC_01.d,TAG(52:0_FA16:0),15.4500,15.8200
C30_QC_02.d,TAG(52:0_FA16:0),15.4500,15.8200
C30_QC_00.d,TAG(52:0_FA18:0),16.0000,16.4000
C30_QC_01.d,TAG(52:0_FA18:0),15.9700,16.3700
C30_QC_02.d,TAG(52:0_FA18:0),15.9700,16.3300
C30_QC_00.d,TAG(52:0_FA20:0),16.0300,16.4000
C30_QC_01.d,TAG(52:0_FA20:0),15.9700,16.3300
C30_QC_02.d,TAG(52:0_FA20:0),15.9700,16.3300
C30_QC_00.d,TAG(52:1_FA16:0),15.5100,15.8500
C30_QC_01.d,TAG(52:1_FA16:0),15.4500,15.8200
C30_QC_02.d,TAG(52:1_FA16:0),15.4500,15.8200
C30_QC_00.d,TAG(52:1_FA16:1),15.0500,15.4200
C30_QC_01.d,TAG(52:1_FA16:1),15.0200,15.3900
C30_QC_02.d,TAG(52:1_FA16:1),15.0200,15.3900
C30_QC_00.d,TAG(52:1_FA18:0),15.5100,15.8500
C30_QC_01.d,TAG(52:1_FA18:0),15.4500,15.8200
C30_QC_02.d,TAG(52:1_FA18:0),15.4500,15.8200
C30_QC_00.d,TAG(52:1_FA18:1),15.5100,15.8500
C30_QC_01.d,TAG(52:1_FA18:1),15.4500,15.8200
C30_QC_02.d,TAG(52:1_FA18:1),15.4500,15.8200
C30_QC_00.d,TAG(52:1_FA20:0),15.5100,15.9100
C30_QC_01.d,TAG(52:1_FA20:0),15.4800,15.8500
C30_QC_02.d,TAG(52:1_FA20:0),15.4500,15.8500
C30_QC_00.d,TAG(52:1_FA20:1),15.4800,15.8500
C30_QC_01.d,TAG(52:1_FA20:1),15.4500,15.8200
C30_QC_02.d,TAG(52:1_FA20:1),15.4200,15.7800
C30_QC_00.d,TAG(52:2_FA14:0),14.9900,15.3900
C30_QC_01.d,TAG(52:2_FA14:0),14.9600,15.3900
C30_QC_02.d,TAG(52:2_FA14:0),14.9600,15.3900
C30_QC_00.d,TAG(52:2_FA16:0),15.0200,15.3900
C30_QC_01.d,TAG(52:2_FA16:0),14.9900,15.3600
C30_QC_02.d,TAG(52:2_FA16:0),14.9600,15.3600
C30_QC_00.d,TAG(52:2_FA16:1),15.0500,15.4500
C30_QC_01.d,TAG(52:2_FA16:1),15.0200,15.3900
C30_QC_02.d,TAG(52:2_FA16:1),15.0200,15.3900
C30_QC_00.d,TAG(52:2_FA18:0),15.0800,15.4800
C30_QC_01.d,TAG(52:2_FA18:0),15.0200,15.4500
C30_QC_02.d,TAG(52:2_FA18:0),15.0200,15.4500
C30_QC_00.d,TAG(52:2_FA18:1),15.0200,15.3900
C30_QC_01.d,TAG(52:2_FA18:1),14.9900,15.3600
C30_QC_02.d,TAG(52:2_FA18:1),14.9600,15.3300
C30_QC_00.d,TAG(52:2_FA18:2),14.6900,15.0500
C30_QC_01.d,TAG(52:2_FA18:2),15.0800,15.4500
C30_QC_02.d,TAG(52:2_FA18:2),15.0800,15.4500
C30_QC_00.d,TAG(52:2_FA20:0),14.6900,15.4500
C30_QC_01.d,TAG(52:2_FA20:0),14.6600,15.4200
C30_QC_02.d,TAG(52:2_FA20:0),14.6200,15.4500
C30_QC_00.d,TAG(52:2_FA20:1),14.9900,15.4200
C30_QC_01.d,TAG(52:2_FA20:1),14.9600,15.4200
C30_QC_02.d,TAG(52:2_FA20:1),14.9600,15.3600
C30_QC_00.d,TAG(52:2_FA20:2),15.1100,15.4800
C30_QC_01.d,TAG(52:2_FA20:2),15.0800,15.4500
C30_QC_02.d,TAG(52:2_FA20:2),15.0500,15.4200
C30_QC_00.d,TAG(52:3_FA14:0),14.4400,15.0500
C30_QC_01.d,TAG(52:3_FA14:0),14.3800,15.0800
C30_QC_02.d,TAG(52:3_FA14:0),14.5900,14.9900
C30_QC_00.d,TAG(52:3_FA16:0),14.6900,15.0500
C30_QC_01.d,TAG(52:3_FA16:0),14.6600,15.0200
C30_QC_02.d,TAG(52:3_FA16:0),14.6300,14.9900
C30_QC_00.d,TAG(52:3_FA18:0),14.6600,15.0800
C30_QC_01.d,TAG(52:3_FA18:0),14.6300,15.0500
C30_QC_02.d,TAG(52:3_FA18:0),14.6300,15.0500
C30_QC_00.d,TAG(52:3_FA18:1),14.6600,15.0500
C30_QC_01.d,TAG(52:3_FA18:1),14.6300,14.9900
C30_QC_02.d,TAG(52:3_FA18:1),14.6300,14.9900
C30_QC_00.d,TAG(52:3_FA18:2),14.6900,15.0500
C30_QC_01.d,TAG(52:3_FA18:2),14.6600,15.0200
C30_QC_02.d,TAG(52:3_FA18:2),14.6300,14.9900
C30_QC_00.d,TAG(52:3_FA18:3),14.4100,15.1400
C30_QC_01.d,TAG(52:3_FA18:3),14.3800,15.1400
C30_QC_02.d,TAG(52:3_FA18:3),14.3800,15.1400
C30_QC_00.d,TAG(52:3_FA20:0),14.6900,15.0500
C30_QC_01.d,TAG(52:3_FA20:0),14.6300,14.9900
C30_QC_02.d,TAG(52:3_FA20:0),14.6300,14.9900
C30_QC_00.d,TAG(52:3_FA20:1),14.6300,15.0200
C30_QC_01.d,TAG(52:3_FA20:1),14.3200,14.9900
C30_QC_02.d,TAG(52:3_FA20:1),14.5900,14.9900
C30_QC_00.d,TAG(52:3_FA20:2),14.6600,15.0500
C30_QC_01.d,TAG(52:3_FA20:2),14.3800,15.0200
C30_QC_02.d,TAG(52:3_FA20:2),14.3800,15.0200
C30_QC_00.d,TAG(52:3_FA20:3),14.4700,15.1800
C30_QC_01.d,TAG(52:3_FA20:3),14.4700,15.1400
C30_QC_02.d,TAG(52:3_FA20:3),14.7200,15.1400
C30_QC_00.d,TAG(52:4_FA14:0),14.3500,14.7800
C30_QC_01.d,TAG(52:4_FA14:0),14.1100,14.7200
C30_QC_02.d,TAG(52:4_FA14:0),14.1100,14.7500
C30_QC_00.d,TAG(52:4_FA16:0),14.3800,14.7200
C30_QC_01.d,TAG(52:4_FA16:0),14.3200,14.6900
C30_QC_02.d,TAG(52:4_FA16:0),14.3200,14.6900
C30_QC_00.d,TAG(52:4_FA16:1),14.2900,14.6600
C30_QC_01.d,TAG(52:4_FA16:1),14.2600,14.6300
C30_QC_02.d,TAG(52:4_FA16:1),14.2600,14.6300
C30_QC_00.d,TAG(52:4_FA18:0),14.2900,14.8100
C30_QC_01.d,TAG(52:4_FA18:0),14.2300,14.7800
C30_QC_02.d,TAG(52:4_FA18:0),14.0800,14.8100
C30_QC_00.d,TAG(52:4_FA18:1),14.3200,14.7200
C30_QC_01.d,TAG(52:4_FA18:1),14.2600,14.6900
C30_QC_02.d,TAG(52:4_FA18:1),14.2600,14.6900
C30_QC_00.d,TAG(52:4_FA18:2),14.3500,14.7200
C30_QC_01.d,TAG(52:4_FA18:2),14.3200,14.6900
C30_QC_02.d,TAG(52:4_FA18:2),14.3200,14.6900
C30_QC_00.d,TAG(52:4_FA18:3),14.4100,14.7800
C30_QC_01.d,TAG(52:4_FA18:3),14.3800,14.7500
C30_QC_02.d,TAG(52:4_FA18:3),14.3500,14.7500
C30_QC_00.d,TAG(52:4_FA20:0),14.3800,14.7200
C30_QC_01.d,TAG(52:4_FA20:0),14.3200,14.6900
C30_QC_02.d,TAG(52:4_FA20:0),14.3200,14.6900
C30_QC_00.d,TAG(52:4_FA20:2),14.3200,14.7200
C30_QC_01.d,TAG(52:4_FA20:2),14.2900,14.6900
C30_QC_02.d,TAG(52:4_FA20:2),14.2900,14.6600
C30_QC_00.d,TAG(52:4_FA20:3),14.2000,14.8100
C30_QC_01.d,TAG(52:4_FA20:3),14.1700,14.7800
C30_QC_02.d,TAG(52:4_FA20:3),14.3200,14.7800
C30_QC_00.d,TAG(52:4_FA20:4),14.5600,14.9300
C30_QC_01.d,TAG(52:4_FA20:4),14.5300,14.9000
C30_QC_02.d,TAG(52:4_FA20:4),14.5300,14.8700
C30_QC_00.d,TAG(52:4_FA22:4),14.3500,14.8100
C30_QC_01.d,TAG(52:4_FA22:4),14.3200,14.7500
C30_QC_02.d,TAG(52:4_FA22:4),14.1100,14.7800
C30_QC_00.d,TAG(52:5_FA14:0),14.1100,14.5700
C30_QC_01.d,TAG(52:5_FA14:0),14.0500,14.5000
C30_QC_02.d,TAG(52:5_FA14:0),14.0800,14.5000
C30_QC_00.d,TAG(52:5_FA16:0),14.1100,14.4700
C30_QC_01.d,TAG(52:5_FA16:0),14.0800,14.4400
C30_QC_02.d,TAG(52:5_FA16:0),14.0800,14.4400
C30_QC_00.d,TAG(52:5_FA16:1),14.0200,14.3800
C30_QC_01.d,TAG(52:5_FA16:1),13.9500,14.3500
C30_QC_02.d,TAG(52:5_FA16:1),13.9500,14.3500
C30_QC_00.d,TAG(52:5_FA18:1),14.0500,14.4700
C30_QC_01.d,TAG(52:5_FA18:1),13.9900,14.4100
C30_QC_02.d,TAG(52:5_FA18:1),13.9900,14.4100
C30_QC_00.d,TAG(52:5_FA18:2),14.0200,14.4100
C30_QC_01.d,TAG(52:5_FA18:2),13.9900,14.3800
C30_QC_02.d,TAG(52:5_FA18:2),13.9500,14.3800
C30_QC_00.d,TAG(52:5_FA18:3),14.1100,14.4700
C30_QC_01.d,TAG(52:5_FA18:3),14.0800,14.4400
C30_QC_02.d,TAG(52:5_FA18:3),14.0500,14.4100
C30_QC_00.d,TAG(52:5_FA20:3),14.0500,14.5000
C30_QC_01.d,TAG(52:5_FA20:3),13.9900,14.4400
C30_QC_02.d,TAG(52:5_FA20:3),14.0200,14.4400
C30_QC_00.d,TAG(52:5_FA20:4),14.2000,14.5400
C30_QC_01.d,TAG(52:5_FA20:4),14.1400,14.5000
C30_QC_02.d,TAG(52:5_FA20:4),14.1400,14.5000
C30_QC_00.d,TAG(52:5_FA20:5),14.2900,14.6900
C30_QC_01.d,TAG(52:5_FA20:5),14.2600,14.6300
C30_QC_02.d,TAG(52:5_FA20:5),14.2600,14.6300
C30_QC_00.d,TAG(52:5_FA22:5),14.1100,14.6300
C30_QC_01.d,TAG(52:5_FA22:5),14.0800,14.5700
C30_QC_02.d,TAG(52:5_FA22:5),14.0500,14.6000
C30_QC_00.d,TAG(52:6_FA14:0),13.8600,14.4100
C30_QC_01.d,TAG(52:6_FA14:0),13.8600,14.3800
C30_QC_02.d,TAG(52:6_FA14:0),13.8600,14.3800
C30_QC_00.d,TAG(52:6_FA16:0),13.8600,14.3800
C30_QC_01.d,TAG(52:6_FA16:0),13.8300,14.3800
C30_QC_02.d,TAG(52:6_FA16:0),13.8300,14.3200
C30_QC_00.d,TAG(52:6_FA16:1),13.7700,14.2000
C30_QC_01.d,TAG(52:6_FA16:1),13.7100,14.2300
C30_QC_02.d,TAG(52:6_FA16:1),13.7400,14.1700
C30_QC_00.d,TAG(52:6_FA18:1),13.8300,14.3500
C30_QC_01.d,TAG(52:6_FA18:1),13.7700,14.2600
C30_QC_02.d,TAG(52:6_FA18:1),13.7400,14.2300
C30_QC_00.d,TAG(52:6_FA18:2),13.7700,14.2000
C30_QC_01.d,TAG(52:6_FA18:2),13.7100,14.1700
C30_QC_02.d,TAG(52:6_FA18:2),13.7100,14.1400
C30_QC_00.d,TAG(52:6_FA18:3),13.7700,14.2000
C30_QC_01.d,TAG(52:6_FA18:3),13.7400,14.1700
C30_QC_02.d,TAG(52:6_FA18:3),13.7400,14.1400
C30_QC_00.d,TAG(52:6_FA20:4),13.8600,14.2600
C30_QC_01.d,TAG(52:6_FA20:4),13.8300,14.2000
C30_QC_02.d,TAG(52:6_FA20:4),13.8300,14.2000
C30_QC_00.d,TAG(52:6_FA20:5),13.9600,14.3200
C30_QC_01.d,TAG(52:6_FA20:5),13.9200,14.2600
C30_QC_02.d,TAG(52:6_FA20:5),13.8900,14.2600
C30_QC_00.d,TAG(52:6_FA22:6),14.0800,14.4100
C30_QC_01.d,TAG(52:6_FA22:6),14.0200,14.3800
C30_QC_02.d,TAG(52:6_FA22:6),14.0200,14.3800
C30_QC_00.d,TAG(52:7_FA16:0),15.1800,15.6400
C30_QC_01.d,TAG(52:7_FA16:0),15.1500,15.6100
C30_QC_02.d,TAG(52:7_FA16:0),15.1200,15.5800
C30_QC_00.d,TAG(52:7_FA18:1),15.1800,15.6400
C30_QC_01.d,TAG(52:7_FA18:1),15.1200,15.6100
C30_QC_02.d,TAG(52:7_FA18:1),15.1200,15.5400
C30_QC_00.d,TAG(52:7_FA20:5),13.6500,14.0200
C30_QC_01.d,TAG(52:7_FA20:5),13.5900,13.9900
C30_QC_02.d,TAG(52:7_FA20:5),13.5900,13.9900
C30_QC_00.d,TAG(52:7_FA22:6),13.7100,14.0800
C30_QC_01.d,TAG(52:7_FA22:6),13.6800,14.0500
C30_QC_02.d,TAG(52:7_FA22:6),13.6800,14.0200
C30_QC_00.d,TAG(52:8_FA16:1),15.2100,15.7000
C30_QC_01.d,TAG(52:8_FA16:1),15.2100,15.6100
C30_QC_02.d,TAG(52:8_FA16:1),14.7500,15.6400
C30_QC_00.d,TAG(52:8_FA18:2),14.8400,15.6100
C30_QC_01.d,TAG(52:8_FA18:2),14.7800,15.5400
C30_QC_02.d,TAG(52:8_FA18:2),14.7800,15.5400
C30_QC_00.d,TAG(53:0_FA16:0),14.0100,14.4100
C30_QC_01.d,TAG(53:0_FA16:0),13.9800,14.3500
C30_QC_02.d,TAG(53:0_FA16:0),13.9800,14.3800
C30_QC_00.d,TAG(53:1_FA16:0),15.2000,16.0900
C30_QC_01.d,TAG(53:1_FA16:0),15.1700,16.0600
C30_QC_02.d,TAG(53:1_FA16:0),15.1700,15.5700
C30_QC_00.d,TAG(53:1_FA17:0),15.6600,16.0900
C30_QC_01.d,TAG(53:1_FA17:0),15.1400,15.5700
C30_QC_02.d,TAG(53:1_FA17:0),15.1400,15.5400
C30_QC_00.d,TAG(53:1_FA18:0),15.6600,16.0900
C30_QC_01.d,TAG(53:1_FA18:0),15.6300,16.0300
C30_QC_02.d,TAG(53:1_FA18:0),15.6000,16.0300
C30_QC_00.d,TAG(53:1_FA18:1),15.1700,15.6000
C30_QC_01.d,TAG(53:1_FA18:1),15.1400,15.5700
C30_QC_02.d,TAG(53:1_FA18:1),15.1400,15.5400
C30_QC_00.d,TAG(53:2_FA17:1),15.2600,15.6300
C30_QC_01.d,TAG(53:2_FA17:1),15.2000,15.6000
C30_QC_02.d,TAG(53:2_FA17:1),15.2000,15.6000
C30_QC_00.d,TAG(53:3_FA16:0),14.8700,15.2300
C30_QC_01.d,TAG(53:3_FA16:0),14.8400,15.2300
C30_QC_02.d,TAG(53:3_FA16:0),14.8400,15.2000
C30_QC_00.d,TAG(53:3_FA17:0),14.8400,15.2300
C30_QC_01.d,TAG(53:3_FA17:0),14.8100,15.2000
C30_QC_02.d,TAG(53:3_FA17:0),14.7800,15.2000
C30_QC_00.d,TAG(53:3_FA18:2),14.8400,15.2300
C30_QC_01.d,TAG(53:3_FA18:2),14.8100,15.2000
C30_QC_02.d,TAG(53:3_FA18:2),14.7800,15.2000
C30_QC_00.d,TAG(53:4_FA16:0),14.5300,15.0500
C30_QC_01.d,TAG(53:4_FA16:0),14.5000,15.0800
C30_QC_02.d,TAG(53:4_FA16:0),14.5000,15.0800
C30_QC_00.d,TAG(53:4_FA17:0),14.5000,14.9300
C30_QC_01.d,TAG(53:4_FA17:0),14.4700,14.8700
C30_QC_02.d,TAG(53:4_FA17:0),14.4700,14.8700
C30_QC_00.d,TAG(53:4_FA18:2),14.5000,14.9000
C30_QC_01.d,TAG(53:4_FA18:2),14.4700,14.8400
C30_QC_02.d,TAG(53:4_FA18:2),14.4400,14.8400
C30_QC_00.d,TAG(53:4_FA18:3),14.5300,14.9600
C30_QC_01.d,TAG(53:4_FA18:3),14.5300,14.9300
C30_QC_02.d,TAG(53:4_FA18:3),14.4700,14.9000
C30_QC_00.d,TAG(53:4_FA20:4),14.3500,15.1400
C30_QC_01.d,TAG(53:4_FA20:4),14.3800,15.1100
C30_QC_02.d,TAG(53:4_FA20:4),14.3500,15.0800
C30_QC_00.d,TAG(53:5_FA20:4),14.3500,14.7500
C30_QC_01.d,TAG(53:5_FA20:4),14.2900,14.6900
C30_QC_02.d,TAG(53:5_FA20:4),14.2900,14.6900
C30_QC_00.d,TAG(53:6_FA20:4),14.0400,14.4100
C30_QC_01.d,TAG(53:6_FA20:4),14.0100,14.3800
C30_QC_02.d,TAG(53:6_FA20:4),14.0100,14.3800
C30_QC_00.d,TAG(54:0_FA16:0),16.5400,16.9400
C30_QC_01.d,TAG(54:0_FA16:0),16.5100,16.8800
C30_QC_02.d,TAG(54:0_FA16:0),16.4800,16.8800
C30_QC_00.d,TAG(54:0_FA18:0),16.5100,16.9100
C30_QC_01.d,TAG(54:0_FA18:0),16.4800,16.8500
C30_QC_02.d,TAG(54:0_FA18:0),16.4800,16.8500
C30_QC_00.d,TAG(54:1_FA16:0),15.9600,16.3600
C30_QC_01.d,TAG(54:1_FA16:0),15.9300,16.3000
C30_QC_02.d,TAG(54:1_FA16:0),15.9000,16.3000
C30_QC_00.d,TAG(54:1_FA18:0),15.9600,16.3600
C30_QC_01.d,TAG(54:1_FA18:0),15.9300,16.3000
C30_QC_02.d,TAG(54:1_FA18:0),15.9300,16.3000
C30_QC_00.d,TAG(54:1_FA18:1),15.4700,15.8400
C30_QC_01.d,TAG(54:1_FA18:1),15.4400,15.8100
C30_QC_02.d,TAG(54:1_FA18:1),15.4100,15.7800
C30_QC_00.d,TAG(54:1_FA20:0),15.9900,16.3600
C30_QC_01.d,TAG(54:1_FA20:0),15.9600,16.3300
C30_QC_02.d,TAG(54:1_FA20:0),15.9300,16.3000
C30_QC_00.d,TAG(54:1_FA20:1),15.4400,15.8100
C30_QC_01.d,TAG(54:1_FA20:1),15.4100,15.7800
C30_QC_02.d,TAG(54:1_FA20:1),15.3800,15.7500
C30_QC_00.d,TAG(54:2_FA16:0),15.4400,15.8400
C30_QC_01.d,TAG(54:2_FA16:0),15.4100,15.7800
C30_QC_02.d,TAG(54:2_FA16:0),15.3800,15.7800
C30_QC_00.d,TAG(54:2_FA18:0),15.4700,15.8400
C30_QC_01.d,TAG(54:2_FA18:0),15.4400,15.8100
C30_QC_02.d,TAG(54:2_FA18:0),15.4400,15.8100
C30_QC_00.d,TAG(54:2_FA18:1),15.4700,15.8400
C30_QC_01.d,TAG(54:2_FA18:1),15.4400,15.8100
C30_QC_02.d,TAG(54:2_FA18:1),15.4100,15.7800
C30_QC_00.d,TAG(54:2_FA18:2),15.1100,15.4700
C30_QC_01.d,TAG(54:2_FA18:2),15.0800,15.4400
C30_QC_02.d,TAG(54:2_FA18:2),15.0800,15.4400
C30_QC_00.d,TAG(54:2_FA20:0),15.5700,15.9600
C30_QC_01.d,TAG(54:2_FA20:0),15.5300,15.9000
C30_QC_02.d,TAG(54:2_FA20:0),15.5000,15.9000
C30_QC_00.d,TAG(54:2_FA20:2),15.5000,15.9000
C30_QC_01.d,TAG(54:2_FA20:2),15.4400,15.8400
C30_QC_02.d,TAG(54:2_FA20:2),15.4400,15.8400
C30_QC_00.d,TAG(54:3_FA16:0),15.0800,15.4700
C30_QC_01.d,TAG(54:3_FA16:0),15.0500,15.4100
C30_QC_02.d,TAG(54:3_FA16:0),15.0200,15.4100
C30_QC_00.d,TAG(54:3_FA16:1),14.7100,15.4700
C30_QC_01.d,TAG(54:3_FA16:1),14.9500,15.4100
C30_QC_02.d,TAG(54:3_FA16:1),14.9500,15.4700
C30_QC_00.d,TAG(54:3_FA18:0),15.1100,15.4700
C30_QC_01.d,TAG(54:3_FA18:0),15.0800,15.4400
C30_QC_02.d,TAG(54:3_FA18:0),15.0500,15.4400
C30_QC_00.d,TAG(54:3_FA18:1),14.9900,15.4100
C30_QC_01.d,TAG(54:3_FA18:1),14.9500,15.3800
C30_QC_02.d,TAG(54:3_FA18:1),14.9500,15.3800
C30_QC_00.d,TAG(54:3_FA18:2),15.1100,15.4700
C30_QC_01.d,TAG(54:3_FA18:2),15.0800,15.4400
C30_QC_02.d,TAG(54:3_FA18:2),15.0800,15.4100
C30_QC_00.d,TAG(54:3_FA18:3),14.8000,15.6600
C30_QC_01.d,TAG(54:3_FA18:3),14.7700,15.6300
C30_QC_02.d,TAG(54:3_FA18:3),14.7700,15.6000
C30_QC_00.d,TAG(54:3_FA20:1),15.0800,15.4400
C30_QC_01.d,TAG(54:3_FA20:1),15.0500,15.4100
C30_QC_02.d,TAG(54:3_FA20:1),15.0500,15.4100
C30_QC_00.d,TAG(54:3_FA20:2),15.0800,15.4400
C30_QC_01.d,TAG(54:3_FA20:2),15.0500,15.4100
C30_QC_02.d,TAG(54:3_FA20:2),15.0200,15.3800
C30_QC_00.d,TAG(54:3_FA20:3),14.7400,15.6000
C30_QC_01.d,TAG(54:3_FA20:3),14.6800,15.6000
C30_QC_02.d,TAG(54:3_FA20:3),14.5600,15.5700
C30_QC_00.d,TAG(54:4_FA16:0),14.5600,15.1700
C30_QC_01.d,TAG(54:4_FA16:0),14.5000,15.1100
C30_QC_02.d,TAG(54:4_FA16:0),14.6800,15.1100
C30_QC_00.d,TAG(54:4_FA16:1),14.4400,15.1400
C30_QC_01.d,TAG(54:4_FA16:1),14.4100,15.1100
C30_QC_02.d,TAG(54:4_FA16:1),14.4100,15.0800
C30_QC_00.d,TAG(54:4_FA18:0),14.7700,15.1400
C30_QC_01.d,TAG(54:4_FA18:0),14.7100,15.1100
C30_QC_02.d,TAG(54:4_FA18:0),14.7100,15.0800
C30_QC_00.d,TAG(54:4_FA18:1),14.6800,15.0500
C30_QC_01.d,TAG(54:4_FA18:1),14.6200,15.0200
C30_QC_02.d,TAG(54:4_FA18:1),14.6200,14.9900
C30_QC_00.d,TAG(54:4_FA18:2),14.6800,15.1100
C30_QC_01.d,TAG(54:4_FA18:2),14.6500,15.0800
C30_QC_02.d,TAG(54:4_FA18:2),14.6200,15.0500
C30_QC_00.d,TAG(54:4_FA18:3),14.8000,15.2000
C30_QC_01.d,TAG(54:4_FA18:3),14.7700,15.1400
C30_QC_02.d,TAG(54:4_FA18:3),14.7700,15.1400
C30_QC_00.d,TAG(54:4_FA20:1),14.6800,15.1100
C30_QC_01.d,TAG(54:4_FA20:1),14.6200,15.0800
C30_QC_02.d,TAG(54:4_FA20:1),14.6500,15.1100
C30_QC_00.d,TAG(54:4_FA20:2),14.7100,15.1100
C30_QC_01.d,TAG(54:4_FA20:2),14.6800,15.0800
C30_QC_02.d,TAG(54:4_FA20:2),14.6800,15.0500
C30_QC_00.d,TAG(54:4_FA20:3),14.5600,15.1700
C30_QC_01.d,TAG(54:4_FA20:3),14.5000,15.1400
C30_QC_02.d,TAG(54:4_FA20:3),14.5000,15.1400
C30_QC_00.d,TAG(54:4_FA20:4),14.5600,14.9600
C30_QC_01.d,TAG(54:4_FA20:4),14.5300,14.8900
C30_QC_02.d,TAG(54:4_FA20:4),14.5000,14.8900
C30_QC_00.d,TAG(54:4_FA22:4),14.8600,15.2300
C30_QC_01.d,TAG(54:4_FA22:4),14.8300,15.2000
C30_QC_02.d,TAG(54:4_FA22:4),14.8000,15.1700
C30_QC_00.d,TAG(54:5_FA16:0),14.4100,14.9300
C30_QC_01.d,TAG(54:5_FA16:0),14.4100,14.8600
C30_QC_02.d,TAG(54:5_FA16:0),14.3800,14.8600
C30_QC_00.d,TAG(54:5_FA16:1),14.1900,14.8600
C30_QC_01.d,TAG(54:5_FA16:1),14.1000,14.8300
C30_QC_02.d,TAG(54:5_FA16:1),14.1300,14.7700
C30_QC_00.d,TAG(54:5_FA18:0),14.1300,14.8900
C30_QC_01.d,TAG(54:5_FA18:0),14.1000,14.8300
C30_QC_02.d,TAG(54:5_FA18:0),14.3100,14.8300
C30_QC_00.d,TAG(54:5_FA18:1),14.3500,14.7400
C30_QC_01.d,TAG(54:5_FA18:1),14.3100,14.7100
C30_QC_02.d,TAG(54:5_FA18:1),14.3100,14.7100
C30_QC_00.d,TAG(54:5_FA18:2),14.3500,14.7100
C30_QC_01.d,TAG(54:5_FA18:2),14.3100,14.6800
C30_QC_02.d,TAG(54:5_FA18:2),14.3100,14.6800
C30_QC_00.d,TAG(54:5_FA18:3),14.4100,14.8000
C30_QC_01.d,TAG(54:5_FA18:3),14.3800,14.7700
C30_QC_02.d,TAG(54:5_FA18:3),14.3500,14.7400
C30_QC_00.d,TAG(54:5_FA20:2),14.3500,14.8300
C30_QC_01.d,TAG(54:5_FA20:2),14.2800,14.7700
C30_QC_02.d,TAG(54:5_FA20:2),14.2800,14.7700
C30_QC_00.d,TAG(54:5_FA20:3),14.2800,14.8600
C30_QC_01.d,TAG(54:5_FA20:3),14.2500,14.8000
C30_QC_02.d,TAG(54:5_FA20:3),14.3100,14.8000
C30_QC_00.d,TAG(54:5_FA20:4),14.5600,14.9300
C30_QC_01.d,TAG(54:5_FA20:4),14.5300,14.8600
C30_QC_02.d,TAG(54:5_FA20:4),14.5300,14.8600
C30_QC_00.d,TAG(54:5_FA20:5),14.2800,14.6500
C30_QC_01.d,TAG(54:5_FA20:5),14.2500,14.6200
C30_QC_02.d,TAG(54:5_FA20:5),14.2500,14.6500
C30_QC_00.d,TAG(54:5_FA22:4),14.4400,14.8300
C30_QC_01.d,TAG(54:5_FA22:4),14.4100,14.8000
C30_QC_02.d,TAG(54:5_FA22:4),14.4100,14.7700
C30_QC_00.d,TAG(54:5_FA22:5),14.3100,15.0500
C30_QC_01.d,TAG(54:5_FA22:5),14.2200,15.0200
C30_QC_02.d,TAG(54:5_FA22:5),14.2500,14.9900
C30_QC_00.d,TAG(54:6_FA16:0),14.2500,14.7700
C30_QC_01.d,TAG(54:6_FA16:0),14.1900,14.7400
C30_QC_02.d,TAG(54:6_FA16:0),14.1900,14.7400
C30_QC_00.d,TAG(54:6_FA16:1),14.1000,14.5600
C30_QC_01.d,TAG(54:6_FA16:1),14.0400,14.5300
C30_QC_02.d,TAG(54:6_FA16:1),14.0400,14.5300
C30_QC_00.d,TAG(54:6_FA18:1),14.1000,14.5000
C30_QC_01.d,TAG(54:6_FA18:1),14.0400,14.4400
C30_QC_02.d,TAG(54:6_FA18:1),14.0400,14.4400
C30_QC_00.d,TAG(54:6_FA18:2),14.0700,14.4400
C30_QC_01.d,TAG(54:6_FA18:2),14.0100,14.4100
C30_QC_02.d,TAG(54:6_FA18:2),14.0100,14.3800
C30_QC_00.d,TAG(54:6_FA18:3),14.1000,14.4700
C30_QC_01.d,TAG(54:6_FA18:3),14.0700,14.4400
C30_QC_02.d,TAG(54:6_FA18:3),14.0400,14.4400
C30_QC_00.d,TAG(54:6_FA20:3),14.0700,14.5900
C30_QC_01.d,TAG(54:6_FA20:3),14.0400,14.5600
C30_QC_02.d,TAG(54:6_FA20:3),14.0100,14.5300
C30_QC_00.d,TAG(54:6_FA20:4),14.2500,14.5900
C30_QC_01.d,TAG(54:6_FA20:4),14.1900,14.5600
C30_QC_02.d,TAG(54:6_FA20:4),14.1900,14.5600
C30_QC_00.d,TAG(54:6_FA20:5),14.2800,14.6500
C30_QC_01.d,TAG(54:6_FA20:5),14.0100,14.6200
C30_QC_02.d,TAG(54:6_FA20:5),14.2500,14.6200
C30_QC_00.d,TAG(54:6_FA22:5),14.1900,14.6800
C30_QC_01.d,TAG(54:6_FA22:5),14.1600,14.6200
C30_QC_02.d,TAG(54:6_FA22:5),14.1300,14.6200
C30_QC_00.d,TAG(54:6_FA22:6),14.4400,14.8000
C30_QC_01.d,TAG(54:6_FA22:6),14.4100,14.7700
C30_QC_02.d,TAG(54:6_FA22:6),14.4100,14.7400
C30_QC_00.d,TAG(54:7_FA16:1),13.8900,14.4400
C30_QC_01.d,TAG(54:7_FA16:1),13.8600,14.3800
C30_QC_02.d,TAG(54:7_FA16:1),13.8600,14.3800
C30_QC_00.d,TAG(54:7_FA18:1),13.8300,14.3800
C30_QC_01.d,TAG(54:7_FA18:1),13.8300,14.3500
C30_QC_02.d,TAG(54:7_FA18:1),13.8000,14.3800
C30_QC_00.d,TAG(54:7_FA18:2),13.8300,14.2600
C30_QC_01.d,TAG(54:7_FA18:2),13.7700,14.1900
C30_QC_02.d,TAG(54:7_FA18:2),13.7700,14.1600
C30_QC_00.d,TAG(54:7_FA18:3),13.8300,14.2200
C30_QC_01.d,TAG(54:7_FA18:3),13.7700,14.1600
C30_QC_02.d,TAG(54:7_FA18:3),13.7700,14.1600
C30_QC_00.d,TAG(54:7_FA20:4),13.9200,14.3200
C30_QC_01.d,TAG(54:7_FA20:4),13.8600,14.2900
C30_QC_02.d,TAG(54:7_FA20:4),13.8600,14.2900
C30_QC_00.d,TAG(54:7_FA20:5),14.0100,14.3500
C30_QC_01.d,TAG(54:7_FA20:5),13.9500,14.3200
C30_QC_02.d,TAG(54:7_FA20:5),13.9500,14.3200
C30_QC_00.d,TAG(54:7_FA22:5),13.9200,14.3800
C30_QC_01.d,TAG(54:7_FA22:5),13.8300,14.3500
C30_QC_02.d,TAG(54:7_FA22:5),13.8300,14.3500
C30_QC_00.d,TAG(54:7_FA22:6),14.0700,14.4100
C30_QC_01.d,TAG(54:7_FA22:6),14.0100,14.3800
C30_QC_02.d,TAG(54:7_FA22:6),14.0100,14.3800
C30_QC_00.d,TAG(54:8_FA18:2),13.5800,14.1000
C30_QC_01.d,TAG(54:8_FA18:2),13.5500,14.0700
C30_QC_02.d,TAG(54:8_FA18:2),13.5500,14.0700
C30_QC_00.d,TAG(54:8_FA18:3),13.5800,13.9800
C30_QC_01.d,TAG(54:8_FA18:3),13.5200,13.9500
C30_QC_02.d,TAG(54:8_FA18:3),13.5200,13.9800
C30_QC_00.d,TAG(54:8_FA20:4),13.6800,14.1000
C30_QC_01.d,TAG(54:8_FA20:4),13.6100,14.0400
C30_QC_02.d,TAG(54:8_FA20:4),13.6400,14.0700
C30_QC_00.d,TAG(54:8_FA20:5),13.6800,14.1000
C30_QC_01.d,TAG(54:8_FA20:5),13.6400,14.0400
C30_QC_02.d,TAG(54:8_FA20:5),13.6400,14.0400
C30_QC_00.d,TAG(54:8_FA22:6),13.7700,14.1300
C30_QC_01.d,TAG(54:8_FA22:6),13.7400,14.1000
C30_QC_02.d,TAG(54:8_FA22:6),13.7100,14.0700
C30_QC_00.d,TAG(55:1_FA16:0),14.1300,14.4900
C30_QC_01.d,TAG(55:1_FA16:0),14.1000,14.4300
C30_QC_02.d,TAG(55:1_FA16:0),14.1000,14.4300
C30_QC_00.d,TAG(55:1_FA18:1),14.0100,14.4300
C30_QC_01.d,TAG(55:1_FA18:1),13.9700,14.4000
C30_QC_02.d,TAG(55:1_FA18:1),13.9700,14.4000
C30_QC_00.d,TAG(55:2_FA18:1),15.2300,16.0800
C30_QC_01.d,TAG(55:2_FA18:1),15.1700,16.0200
C30_QC_02.d,TAG(55:2_FA18:1),15.1700,15.9900
C30_QC_00.d,TAG(55:2_FA18:2),13.7300,14.1600
C30_QC_01.d,TAG(55:2_FA18:2),13.7000,14.1000
C30_QC_02.d,TAG(55:2_FA18:2),13.7000,14.1000
C30_QC_00.d,TAG(55:3_FA18:1),15.2000,15.6600
C30_QC_01.d,TAG(55:3_FA18:1),15.1700,15.5900
C30_QC_02.d,TAG(55:3_FA18:1),15.1700,15.6300
C30_QC_00.d,TAG(55:3_FA18:2),14.8900,15.7200
C30_QC_01.d,TAG(55:3_FA18:2),15.2600,15.6600
C30_QC_02.d,TAG(55:3_FA18:2),15.2300,15.6600
C30_QC_00.d,TAG(55:4_FA18:1),14.8300,15.2600
C30_QC_01.d,TAG(55:4_FA18:1),14.8300,15.2300
C30_QC_02.d,TAG(55:4_FA18:1),14.8000,15.2300
C30_QC_00.d,TAG(55:4_FA18:2),14.8600,15.2900
C30_QC_01.d,TAG(55:4_FA18:2),14.8300,15.4100
C30_QC_02.d,TAG(55:4_FA18:2),14.8000,15.2300
C30_QC_00.d,TAG(55:5_FA18:1),14.4000,15.1100
C30_QC_01.d,TAG(55:5_FA18:1),14.5300,15.0800
C30_QC_02.d,TAG(55:5_FA18:1),14.5000,15.0800
C30_QC_00.d,TAG(55:5_FA18:2),14.5300,15.1400
C30_QC_01.d,TAG(55:5_FA18:2),14.5000,14.8900
C30_QC_02.d,TAG(55:5_FA18:2),14.4600,15.1100
C30_QC_00.d,TAG(55:5_FA20:4),14.7400,15.1100
C30_QC_01.d,TAG(55:5_FA20:4),14.7100,15.0800
C30_QC_02.d,TAG(55:5_FA20:4),14.4600,15.0800
C30_QC_00.d,TAG(55:7_FA22:6),14.2200,14.5900
C30_QC_01.d,TAG(55:7_FA22:6),14.1900,14.5600
C30_QC_02.d,TAG(55:7_FA22:6),14.1900,14.5600
C30_QC_00.d,TAG(56:1_FA16:0),16.4800,16.9000
C30_QC_01.d,TAG(56:1_FA16:0),16.4500,16.8100
C30_QC_02.d,TAG(56:1_FA16:0),16.4500,16.8400
C30_QC_00.d,TAG(56:1_FA18:1),16.5100,16.8700
C30_QC_01.d,TAG(56:1_FA18:1),16.4800,16.8100
C30_QC_02.d,TAG(56:1_FA18:1),16.4500,16.8100
C30_QC_00.d,TAG(56:10_FA18:2),14.8900,15.7200
C30_QC_01.d,TAG(56:10_FA18:2),15.2000,15.6600
C30_QC_02.d,TAG(56:10_FA18:2),14.8600,15.6600
C30_QC_00.d,TAG(56:2_FA16:0),15.9000,16.4800
C30_QC_01.d,TAG(56:2_FA16:0),15.8600,16.4100
C30_QC_02.d,TAG(56:2_FA16:0),15.8600,16.4100
C30_QC_00.d,TAG(56:2_FA18:0),15.9300,16.4100
C30_QC_01.d,TAG(56:2_FA18:0),15.9000,16.3500
C30_QC_02.d,TAG(56:2_FA18:0),15.8600,16.3500
C30_QC_00.d,TAG(56:2_FA20:0),15.9600,16.3500
C30_QC_01.d,TAG(56:2_FA20:0),15.9300,16.3200
C30_QC_02.d,TAG(56:2_FA20:0),15.9000,16.2900
C30_QC_00.d,TAG(56:2_FA20:1),15.9300,16.2900
C30_QC_01.d,TAG(56:2_FA20:1),15.8600,16.2300
C30_QC_02.d,TAG(56:2_FA20:1),15.8600,16.2300
C30_QC_00.d,TAG(56:3_FA16:0),15.5000,15.9000
C30_QC_01.d,TAG(56:3_FA16:0),15.4700,15.8300
C30_QC_02.d,TAG(56:3_FA16:0),15.4700,15.8700
C30_QC_00.d,TAG(56:3_FA18:0),15.1300,15.9000
C30_QC_01.d,TAG(56:3_FA18:0),15.1000,15.9000
C30_QC_02.d,TAG(56:3_FA18:0),15.4700,15.8700
C30_QC_00.d,TAG(56:3_FA18:1),15.4100,15.8300
C30_QC_01.d,TAG(56:3_FA18:1),15.3800,15.8000
C30_QC_02.d,TAG(56:3_FA18:1),15.3800,15.8000
C30_QC_00.d,TAG(56:3_FA18:2),15.5300,15.9300
C30_QC_01.d,TAG(56:3_FA18:2),15.5000,15.9000
C30_QC_02.d,TAG(56:3_FA18:2),15.5000,15.9000
C30_QC_00.d,TAG(56:3_FA20:0),15.5600,15.9600
C30_QC_01.d,TAG(56:3_FA20:0),15.5000,15.9000
C30_QC_02.d,TAG(56:3_FA20:0),15.5000,15.9000
C30_QC_00.d,TAG(56:3_FA20:1),15.4400,15.8300
C30_QC_01.d,TAG(56:3_FA20:1),15.3800,15.8000
C30_QC_02.d,TAG(56:3_FA20:1),15.3800,15.7700
C30_QC_00.d,TAG(56:3_FA20:2),15.5000,15.9000
C30_QC_01.d,TAG(56:3_FA20:2),15.5000,15.8700
C30_QC_02.d,TAG(56:3_FA20:2),15.4700,15.8700
C30_QC_00.d,TAG(56:4_FA16:0),14.8600,15.6500
C30_QC_01.d,TAG(56:4_FA16:0),14.8000,15.5900
C30_QC_02.d,TAG(56:4_FA16:0),14.8000,15.6200
C30_QC_00.d,TAG(56:4_FA18:0),14.8600,15.7700
C30_QC_01.d,TAG(56:4_FA18:0),14.8600,15.7400
C30_QC_02.d,TAG(56:4_FA18:0),14.8300,15.7100
C30_QC_00.d,TAG(56:4_FA18:1),14.8000,15.5300
C30_QC_01.d,TAG(56:4_FA18:1),14.8000,15.5300
C30_QC_02.d,TAG(56:4_FA18:1),14.7700,15.5000
C30_QC_00.d,TAG(56:4_FA18:2),15.0700,15.5600
C30_QC_01.d,TAG(56:4_FA18:2),15.0400,15.5300
C30_QC_02.d,TAG(56:4_FA18:2),15.0100,15.5000
C30_QC_00.d,TAG(56:4_FA20:1),15.0700,15.4700
C30_QC_01.d,TAG(56:4_FA20:1),15.0400,15.4100
C30_QC_02.d,TAG(56:4_FA20:1),15.0400,15.4100
C30_QC_00.d,TAG(56:4_FA20:2),14.8000,15.5000
C30_QC_01.d,TAG(56:4_FA20:2),14.7400,15.4700
C30_QC_02.d,TAG(56:4_FA20:2),14.7400,15.4700
C30_QC_00.d,TAG(56:4_FA20:3),14.8000,15.5900
C30_QC_01.d,TAG(56:4_FA20:3),14.8000,15.5600
C30_QC_02.d,TAG(56:4_FA20:3),14.7000,15.5600
C30_QC_00.d,TAG(56:4_FA20:4),14.9800,15.3500
C30_QC_01.d,TAG(56:4_FA20:4),14.9500,15.3200
C30_QC_02.d,TAG(56:4_FA20:4),15.4100,15.7700
C30_QC_00.d,TAG(56:4_FA22:4),14.6400,15.2200
C30_QC_01.d,TAG(56:4_FA22:4),14.8300,15.1600
C30_QC_02.d,TAG(56:4_FA22:4),14.8000,15.1600
C30_QC_00.d,TAG(56:5_FA16:0),14.5800,15.2200
C30_QC_01.d,TAG(56:5_FA16:0),14.5200,15.1900
C30_QC_02.d,TAG(56:5_FA16:0),14.5500,15.1600
C30_QC_00.d,TAG(56:5_FA18:0),14.6100,15.3500
C30_QC_01.d,TAG(56:5_FA18:0),14.5800,15.2900
C30_QC_02.d,TAG(56:5_FA18:0),14.5500,15.2900
C30_QC_00.d,TAG(56:5_FA18:1),14.5500,15.3500
C30_QC_01.d,TAG(56:5_FA18:1),14.5200,15.2900
C30_QC_02.d,TAG(56:5_FA18:1),14.4900,15.2900
C30_QC_00.d,TAG(56:5_FA18:2),14.4900,15.1900
C30_QC_01.d,TAG(56:5_FA18:2),14.4600,15.1600
C30_QC_02.d,TAG(56:5_FA18:2),14.4600,15.1300
C30_QC_00.d,TAG(56:5_FA20:1),14.7400,15.1900
C30_QC_01.d,TAG(56:5_FA20:1),14.7100,15.1000
C30_QC_02.d,TAG(56:5_FA20:1),14.7100,15.0700
C30_QC_00.d,TAG(56:5_FA20:2),14.7400,15.1000
C30_QC_01.d,TAG(56:5_FA20:2),14.6700,15.0700
C30_QC_02.d,TAG(56:5_FA20:2),14.4300,15.0700
C30_QC_00.d,TAG(56:5_FA20:3),14.5200,15.2600
C30_QC_01.d,TAG(56:5_FA20:3),14.4900,15.1900
C30_QC_02.d,TAG(56:5_FA20:3),14.4900,15.1900
C30_QC_00.d,TAG(56:5_FA20:4),14.9800,15.3500
C30_QC_01.d,TAG(56:5_FA20:4),14.9500,15.2900
C30_QC_02.d,TAG(56:5_FA20:4),14.9500,15.2900
C30_QC_00.d,TAG(56:5_FA22:4),14.8300,15.1900
C30_QC_01.d,TAG(56:5_FA22:4),14.8000,15.1600
C30_QC_02.d,TAG(56:5_FA22:4),14.8000,15.1600
C30_QC_00.d,TAG(56:5_FA22:5),14.5500,15.4700
C30_QC_01.d,TAG(56:5_FA22:5),14.5200,15.4100
C30_QC_02.d,TAG(56:5_FA22:5),14.5200,15.4100
C30_QC_00.d,TAG(56:6_FA16:0),14.5200,14.9500
C30_QC_01.d,TAG(56:6_FA16:0),14.4900,14.8900
C30_QC_02.d,TAG(56:6_FA16:0),14.4900,14.8900
C30_QC_00.d,TAG(56:6_FA18:0),14.4300,15.1300
C30_QC_01.d,TAG(56:6_FA18:0),14.5500,15.1000
C30_QC_02.d,TAG(56:6_FA18:0),14.3100,15.1300
C30_QC_00.d,TAG(56:6_FA18:1),14.4900,14.9200
C30_QC_01.d,TAG(56:6_FA18:1),14.4600,14.8900
C30_QC_02.d,TAG(56:6_FA18:1),14.4600,14.8900
C30_QC_00.d,TAG(56:6_FA18:2),14.2800,14.9800
C30_QC_01.d,TAG(56:6_FA18:2),14.2200,14.9200
C30_QC_02.d,TAG(56:6_FA18:2),14.2200,14.9200
C30_QC_00.d,TAG(56:6_FA18:3),14.2200,14.9200
C30_QC_01.d,TAG(56:6_FA18:3),14.2500,14.8900
C30_QC_02.d,TAG(56:6_FA18:3),14.3700,14.8600
C30_QC_00.d,TAG(56:6_FA20:2),14.3700,14.9200
C30_QC_01.d,TAG(56:6_FA20:2),14.3400,14.7700
C30_QC_02.d,TAG(56:6_FA20:2),14.3700,14.7700
C30_QC_00.d,TAG(56:6_FA20:3),14.2500,14.8900
C30_QC_01.d,TAG(56:6_FA20:3),14.2200,14.8300
C30_QC_02.d,TAG(56:6_FA20:3),14.2200,14.8300
C30_QC_00.d,TAG(56:6_FA20:4),14.5500,14.9500
C30_QC_01.d,TAG(56:6_FA20:4),14.5200,14.9200
C30_QC_02.d,TAG(56:6_FA20:4),14.5200,14.9200
C30_QC_00.d,TAG(56:6_FA20:5),14.7100,15.1000
C30_QC_01.d,TAG(56:6_FA20:5),14.6800,15.0400
C30_QC_02.d,TAG(56:6_FA20:5),14.6800,15.0400
C30_QC_00.d,TAG(56:6_FA22:4),14.4900,14.8900
C30_QC_01.d,TAG(56:6_FA22:4),14.4600,14.8300
C30_QC_02.d,TAG(56:6_FA22:4),14.4600,14.8300
C30_QC_00.d,TAG(56:6_FA22:5),14.5200,15.0100
C30_QC_01.d,TAG(56:6_FA22:5),14.4900,14.9500
C30_QC_02.d,TAG(56:6_FA22:5),14.4900,14.9200
C30_QC_00.d,TAG(56:6_FA22:6),14.4300,14.8000
C30_QC_01.d,TAG(56:6_FA22:6),14.4000,14.7400
C30_QC_02.d,TAG(56:6_FA22:6),14.4000,14.7400
C30_QC_00.d,TAG(56:7_FA16:0),14.2500,14.8000
C30_QC_01.d,TAG(56:7_FA16:0),14.2200,14.7400
C30_QC_02.d,TAG(56:7_FA16:0),14.1900,14.7400
C30_QC_00.d,TAG(56:7_FA16:1),14.1000,14.6800
C30_QC_01.d,TAG(56:7_FA16:1),13.9700,14.5800
C30_QC_02.d,TAG(56:7_FA16:1),14.0700,14.5800
C30_QC_00.d,TAG(56:7_FA18:0),14.1000,14.8000
C30_QC_01.d,TAG(56:7_FA18:0),14.0300,14.7400
C30_QC_02.d,TAG(56:7_FA18:0),14.1600,14.7400
C30_QC_00.d,TAG(56:7_FA18:1),14.2200,14.8000
C30_QC_01.d,TAG(56:7_FA18:1),14.1900,14.7400
C30_QC_02.d,TAG(56:7_FA18:1),14.1900,14.7400
C30_QC_00.d,TAG(56:7_FA18:2),14.1900,14.6200
C30_QC_01.d,TAG(56:7_FA18:2),14.1600,14.5800
C30_QC_02.d,TAG(56:7_FA18:2),14.1600,14.5800
C30_QC_00.d,TAG(56:7_FA18:3),14.0000,14.7700
C30_QC_01.d,TAG(56:7_FA18:3),14.1000,14.7400
C30_QC_02.d,TAG(56:7_FA18:3),14.0000,14.7400
C30_QC_00.d,TAG(56:7_FA20:3),13.9700,14.6200
C30_QC_01.d,TAG(56:7_FA20:3),14.0000,14.5500
C30_QC_02.d,TAG(56:7_FA20:3),14.0700,14.5500
C30_QC_00.d,TAG(56:7_FA20:4),14.2500,14.6200
C30_QC_01.d,TAG(56:7_FA20:4),14.1900,14.5500
C30_QC_02.d,TAG(56:7_FA20:4),14.1900,14.5500
C30_QC_00.d,TAG(56:7_FA20:5),14.2800,14.7100
C30_QC_01.d,TAG(56:7_FA20:5),14.2500,14.6500
C30_QC_02.d,TAG(56:7_FA20:5),14.2500,14.6500
C30_QC_00.d,TAG(56:7_FA22:4),14.1600,14.6800
C30_QC_01.d,TAG(56:7_FA22:4),14.1000,14.5800
C30_QC_02.d,TAG(56:7_FA22:4),14.1300,14.5800
C30_QC_00.d,TAG(56:7_FA22:5),14.2500,14.7100
C30_QC_01.d,TAG(56:7_FA22:5),14.1900,14.6500
C30_QC_02.d,TAG(56:7_FA22:5),14.1900,14.6500
C30_QC_00.d,TAG(56:7_FA22:6),14.4300,14.8000
C30_QC_01.d,TAG(56:7_FA22:6),14.4000,14.7400
C30_QC_02.d,TAG(56:7_FA22:6),14.4000,14.7400
C30_QC_00.d,TAG(56:8_FA16:0),14.1300,14.4900
C30_QC_01.d,TAG(56:8_FA16:0),14.1000,14.4300
C30_QC_02.d,TAG(56:8_FA16:0),14.0700,14.4300
C30_QC_00.d,TAG(56:8_FA16:1),13.9100,14.4600
C30_QC_01.d,TAG(56:8_FA16:1),13.8800,14.4000
C30_QC_02.d,TAG(56:8_FA16:1),13.9100,14.4000
C30_QC_00.d,TAG(56:8_FA18:1),14.0100,14.4300
C30_QC_01.d,TAG(56:8_FA18:1),13.9700,14.3700
C30_QC_02.d,TAG(56:8_FA18:1),13.9700,14.3700
C30_QC_00.d,TAG(56:8_FA18:2),13.9400,14.4900
C30_QC_01.d,TAG(56:8_FA18:2),13.9100,14.4300
C30_QC_02.d,TAG(56:8_FA18:2),13.9100,14.4300
C30_QC_00.d,TAG(56:8_FA18:3),13.9700,14.4300
C30_QC_01.d,TAG(56:8_FA18:3),13.9400,14.3700
C30_QC_02.d,TAG(56:8_FA18:3),13.8800,14.3700
C30_QC_00.d,TAG(56:8_FA20:4),13.9400,14.4300
C30_QC_01.d,TAG(56:8_FA20:4),13.9100,14.3700
C30_QC_02.d,TAG(56:8_FA20:4),13.9100,14.3700
C30_QC_00.d,TAG(56:8_FA20:5),14.0100,14.3700
C30_QC_01.d,TAG(56:8_FA20:5),13.9700,14.3100
C30_QC_02.d,TAG(56:8_FA20:5),13.9400,14.3100
C30_QC_00.d,TAG(56:8_FA22:5),13.9400,14.4600
C30_QC_01.d,TAG(56:8_FA22:5),13.8800,14.4300
C30_QC_02.d,TAG(56:8_FA22:5),13.9400,14.4300
C30_QC_00.d,TAG(56:8_FA22:6),14.1300,14.4600
C30_QC_01.d,TAG(56:8_FA22:6),14.0700,14.4300
C30_QC_02.d,TAG(56:8_FA22:6),14.0700,14.4300
C30_QC_00.d,TAG(56:9_FA18:3),13.7300,14.2500
C30_QC_01.d,TAG(56:9_FA18:3),13.6700,14.2200
C30_QC_02.d,TAG(56:9_FA18:3),13.6700,14.1900
C30_QC_00.d,TAG(56:9_FA20:4),13.7300,14.1600
C30_QC_01.d,TAG(56:9_FA20:4),13.6700,14.1900
C30_QC_02.d,TAG(56:9_FA20:4),13.7000,14.1900
C30_QC_00.d,TAG(56:9_FA20:5),13.7300,14.2500
C30_QC_01.d,TAG(56:9_FA20:5),13.6700,14.1900
C30_QC_02.d,TAG(56:9_FA20:5),13.6700,14.1900
C30_QC_00.d,TAG(56:9_FA22:6),13.7900,14.1900
C30_QC_01.d,TAG(56:9_FA22:6),13.7600,14.1600
C30_QC_02.d,TAG(56:9_FA22:6),13.7600,14.1600
C30_QC_00.d,TAG(57:2_FA18:1),14.1200,14.4900
C30_QC_01.d,TAG(57:2_FA18:1),14.0600,14.4300
C30_QC_02.d,TAG(57:2_FA18:1),14.0600,14.4300
C30_QC_00.d,TAG(57:3_FA18:2),13.8500,14.1800
C30_QC_01.d,TAG(57:3_FA18:2),13.7900,14.1500
C30_QC_02.d,TAG(57:3_FA18:2),13.7900,14.1500
C30_QC_00.d,TAG(58:10_FA18:2),13.8500,14.1800
C30_QC_01.d,TAG(58:10_FA18:2),13.7900,14.1500
C30_QC_02.d,TAG(58:10_FA18:2),13.7900,14.1200
C30_QC_00.d,TAG(58:10_FA20:4),13.8500,14.3700
C30_QC_01.d,TAG(58:10_FA20:4),13.7900,14.3400
C30_QC_02.d,TAG(58:10_FA20:4),13.8200,14.3100
C30_QC_00.d,TAG(58:10_FA20:5),13.7300,14.2800
C30_QC_01.d,TAG(58:10_FA20:5),13.2100,14.2200
C30_QC_02.d,TAG(58:10_FA20:5),13.2100,14.4000
C30_QC_00.d,TAG(58:10_FA22:5),13.7900,14.2800
C30_QC_01.d,TAG(58:10_FA22:5),13.6000,14.3100
C30_QC_02.d,TAG(58:10_FA22:5),13.6000,14.2500
C30_QC_00.d,TAG(58:10_FA22:6),13.8200,14.3700
C30_QC_01.d,TAG(58:10_FA22:6),13.7900,14.3100
C30_QC_02.d,TAG(58:10_FA22:6),13.7900,14.2500
C30_QC_00.d,TAG(58:2_FA18:1),16.4400,16.8400
C30_QC_01.d,TAG(58:2_FA18:1),16.4400,16.8100
C30_QC_02.d,TAG(58:2_FA18:1),16.4100,16.8100
C30_QC_00.d,TAG(58:3_FA18:1),15.8900,16.4400
C30_QC_01.d,TAG(58:3_FA18:1),15.8600,16.4100
C30_QC_02.d,TAG(58:3_FA18:1),15.8300,16.3800
C30_QC_00.d,TAG(58:5_FA18:1),14.8900,15.6800
C30_QC_01.d,TAG(58:5_FA18:1),14.8200,15.5900
C30_QC_02.d,TAG(58:5_FA18:1),14.8900,15.5900
C30_QC_00.d,TAG(58:6_FA16:0),14.9200,15.2800
C30_QC_01.d,TAG(58:6_FA16:0),14.8500,15.2200
C30_QC_02.d,TAG(58:6_FA16:0),14.8500,15.2200
C30_QC_00.d,TAG(58:6_FA18:0),14.9500,15.6500
C30_QC_01.d,TAG(58:6_FA18:0),14.8500,15.3400
C30_QC_02.d,TAG(58:6_FA18:0),14.5200,15.5600
C30_QC_00.d,TAG(58:6_FA18:1),14.5800,15.3400
C30_QC_01.d,TAG(58:6_FA18:1),14.7900,15.2200
C30_QC_02.d,TAG(58:6_FA18:1),14.5500,15.2800
C30_QC_00.d,TAG(58:6_FA20:4),14.9200,15.3400
C30_QC_01.d,TAG(58:6_FA20:4),14.9200,15.4000
C30_QC_02.d,TAG(58:6_FA20:4),14.8900,15.3400
C30_QC_00.d,TAG(58:6_FA22:4),14.8200,15.2500
C30_QC_01.d,TAG(58:6_FA22:4),14.7600,15.2200
C30_QC_02.d,TAG(58:6_FA22:4),14.7900,15.1900
C30_QC_00.d,TAG(58:6_FA22:5),14.5500,15.5000
C30_QC_01.d,TAG(58:6_FA22:5),14.5200,15.4400
C30_QC_02.d,TAG(58:6_FA22:5),14.5500,15.4400
C30_QC_00.d,TAG(58:7_FA16:0),14.5500,15.1300
C30_QC_01.d,TAG(58:7_FA16:0),14.5500,15.0700
C30_QC_02.d,TAG(58:7_FA16:0),14.5200,14.9200
C30_QC_00.d,TAG(58:7_FA18:0),14.4300,15.1900
C30_QC_01.d,TAG(58:7_FA18:0),14.4300,15.1600
C30_QC_02.d,TAG(58:7_FA18:0),14.4900,15.1300
C30_QC_00.d,TAG(58:7_FA18:1),14.4900,15.1900
C30_QC_01.d,TAG(58:7_FA18:1),14.3100,15.1300
C30_QC_02.d,TAG(58:7_FA18:1),14.3100,15.1300
C30_QC_00.d,TAG(58:7_FA18:2),14.4900,14.9500
C30_QC_01.d,TAG(58:7_FA18:2),14.2400,14.8900
C30_QC_02.d,TAG(58:7_FA18:2),14.4600,14.9800
C30_QC_00.d,TAG(58:7_FA20:4),14.4000,15.1000
C30_QC_01.d,TAG(58:7_FA20:4),14.5200,15.0700
C30_QC_02.d,TAG(58:7_FA20:4),14.3700,15.0700
C30_QC_00.d,TAG(58:7_FA22:4),14.5200,14.8900
C30_QC_01.d,TAG(58:7_FA22:4),14.4600,14.8200
C30_QC_02.d,TAG(58:7_FA22:4),14.4600,14.8200
C30_QC_00.d,TAG(58:7_FA22:5),14.4000,15.1000
C30_QC_01.d,TAG(58:7_FA22:5),14.3100,15.0700
C30_QC_02.d,TAG(58:7_FA22:5),14.3100,15.0400
C30_QC_00.d,TAG(58:7_FA22:6),14.8600,15.1900
C30_QC_01.d,TAG(58:7_FA22:6),14.7900,15.1600
C30_QC_02.d,TAG(58:7_FA22:6),14.7900,15.1600
C30_QC_00.d,TAG(58:8_FA18:1),14.2100,14.7900
C30_QC_01.d,TAG(58:8_FA18:1),14.1200,14.7300
C30_QC_02.d,TAG(58:8_FA18:1),14.1800,14.7300
C30_QC_00.d,TAG(58:8_FA18:2),14.0600,14.8600
C30_QC_01.d,TAG(58:8_FA18:2),14.1200,14.7900
C30_QC_02.d,TAG(58:8_FA18:2),14.1500,14.8300
C30_QC_00.d,TAG(58:8_FA20:3),14.1500,14.7900
C30_QC_01.d,TAG(58:8_FA20:3),14.0900,14.7300
C30_QC_02.d,TAG(58:8_FA20:3),14.0900,14.7300
C30_QC_00.d,TAG(58:8_FA20:4),14.1200,14.8900
C30_QC_01.d,TAG(58:8_FA20:4),14.0900,14.8300
C30_QC_02.d,TAG(58:8_FA20:4),14.0600,14.8300
C30_QC_00.d,TAG(58:8_FA22:5),14.1500,14.7300
C30_QC_01.d,TAG(58:8_FA22:5),14.1200,14.7000
C30_QC_02.d,TAG(58:8_FA22:5),14.0900,14.7000
C30_QC_00.d,TAG(58:8_FA22:6),14.4300,14.8300
C30_QC_01.d,TAG(58:8_FA22:6),14.4000,14.7900
C30_QC_02.d,TAG(58:8_FA22:6),14.3700,14.7900
C30_QC_00.d,TAG(58:9_FA18:1),14.1200,14.4900
C30_QC_01.d,TAG(58:9_FA18:1),14.0600,14.4300
C30_QC_02.d,TAG(58:9_FA18:1),14.0600,14.4300
C30_QC_00.d,TAG(58:9_FA18:2),13.9700,14.4900
C30_QC_01.d,TAG(58:9_FA18:2),13.9400,14.4300
C30_QC_02.d,TAG(58:9_FA18:2),13.9100,14.4300
C30_QC_00.d,TAG(58:9_FA20:4),14.1200,14.5200
C30_QC_01.d,TAG(58:9_FA20:4),14.0300,14.4600
C30_QC_02.d,TAG(58:9_FA20:4),14.0600,14.4600
C30_QC_00.d,TAG(58:9_FA22:5),13.9700,14.5200
C30_QC_01.d,TAG(58:9_FA22:5),13.9100,14.4600
C30_QC_02.d,TAG(58:9_FA22:5),13.9700,14.4600
C30_QC_00.d,TAG(58:9_FA22:6),14.1200,14.4900
C30_QC_01.d,TAG(58:9_FA22:6),14.0900,14.4300
C30_QC_02.d,TAG(58:9_FA22:6),14.0600,14.4300
C30_QC_00.d,TAG(60:10_FA22:5),14.0900,14.6100
C30_QC_01.d,TAG(60:10_FA22:5),13.9700,14.5500
C30_QC_02.d,TAG(60:10_FA22:5),14.0600,14.5800
C30_QC_00.d,TAG(60:10_FA22:6),14.0300,14.7600
C30_QC_01.d,TAG(60:10_FA22:6),14.0300,14.7300
C30_QC_02.d,TAG(60:10_FA22:6),13.9700,14.7000
C30_QC_00.d,TAG(60:11_FA22:5),13.8200,14.4600
C30_QC_01.d,TAG(60:11_FA22:5),13.9400,14.4000
C30_QC_02.d,TAG(60:11_FA22:5),13.8800,14.4000
C30_QC_00.d,TAG(60:11_FA22:6),14.0000,14.4000
C30_QC_01.d,TAG(60:11_FA22:6),13.9400,14.3700
C30_QC_02.d,TAG(60:11_FA22:6),13.9400,14.3700
C30_QC_00.d,TAG(60:12_FA22:6),13.7600,14.2700
C30_QC_01.d,TAG(60:12_FA22:6),13.7200,14.2100
C30_QC_02.d,TAG(60:12_FA22:6),13.6900,14.2100
C30_QC_00.d,TAG(O-50:1_FA16:0),14.8200,15.1800
C30_QC_01.d,TAG(O-50:1_FA16:0),14.7600,15.1500
C30_QC_02.d,TAG(O-50:1_FA16:0),14.7600,15.1500
C30_QC_00.d,TAG(O-50:1_FA17:1),14.8200,15.1800
C30_QC_01.d,TAG(O-50:1_FA17:1),14.7900,15.1500
C30_QC_02.d,TAG(O-50:1_FA17:1),14.7900,15.1500
C30_QC_00.d,TAG(O-52:0_FA16:0),15.1800,15.6400
C30_QC_01.d,TAG(O-52:0_FA16:0),15.1500,15.5700
C30_QC_02.d,TAG(O-52:0_FA16:0),15.1200,15.5400
C30_QC_00.d,TAG(O-52:2_FA17:1),14.8100,15.1800
C30_QC_01.d,TAG(O-52:2_FA17:1),14.7800,15.1500
C30_QC_02.d,TAG(O-52:2_FA17:1),14.7800,15.1200
C30_QC_00.d,TAG(O-54:2_FA17:1),15.2600,15.6300
C30_QC_01.d,TAG(O-54:2_FA17:1),15.2000,15.6000
C30_QC_02.d,TAG(O-54:2_FA17:1),15.2000,15.6000
C30_QC_00.d,TAG(O-54:3_FA17:1),14.8100,15.2000
C30_QC_01.d,TAG(O-54:3_FA17:1),14.7800,15.1400
C30_QC_02.d,TAG(O-54:3_FA17:1),14.7500,15.1400
C30_QC_00.d,TAG(O-54:3_FA18:1),14.8100,15.2300
C30_QC_01.d,TAG(O-54:3_FA18:1),14.7800,15.1700
C30_QC_02.d,TAG(O-54:3_FA18:1),14.7800,15.1700
C30_QC_00.d,TAG(O-54:4_FA17:1),14.4700,14.8400
C30_QC_01.d,TAG(O-54:4_FA17:1),14.4400,14.8100
C30_QC_02.d,TAG(O-54:4_FA17:1),14.4400,14.8100
